STATION_NU,PROV_TERR_,LATITUDE,LONGITUDE,node_id,reach_id
06GD001,MB,58.891288757324100,-96.276687622070200,71140100160361,71140100161
06GA001,MB,58.143058776855400,-98.227783203124900,71140500120051,71140500121
06FD703,MB,58.677211761474600,-94.184997558593800,71181100010713,71181100013
06FD001,MB,58.118621826171900,-94.622451782226600,71181100070411,71181100071
06FD702,MB,57.569438934326200,-95.439437866210800,71181100180241,71181100181
06FC001,MB,56.952919006347600,-95.739250183105400,71181200090213,71181200093
06FD681,MB,57.512439727783200,-95.360183715820200,71181300010011,71181300011
06FB001,MB,57.238880157470700,-96.832450866699200,71181300160971,71181300161
06FB701,MB,57.245830535888700,-96.987747192382700,71181300180153,71181300183
06FA001,MB,57.302059173583900,-97.524940490722600,71181300710043,71181300713
06EC001,MB,56.778499603271400,-98.941360473632700,71181400020053,71181400023
06EC003,MB,56.687271118164000,-99.023483276367200,71181400030203,71181400033
06EC002,MB,56.673500061035100,-99.044250488281100,71181400030283,71181400033
05TF004,MB,56.132499694824100,-99.483421325683500,71181400120353,71181400123
05TF710,MB,55.867000579833900,-99.331611633300700,71181400200213,71181400203
06EC004,MB,56.775001525878800,-99.118057250976600,71181500400593,71181500403
06EB702,MB,56.492500305175800,-99.954437255859400,71181700040223,71181700043
06EB778,MB,56.497501373291000,-99.964820861816400,71181700040273,71181700043
06EA006,MB,56.147659301757700,-100.459327697754000,71181900060101,71181900061
06EA013,MB,55.769329071044900,-101.601387023925000,71181900370053,71181900373
06EA014,MB,55.749000549316300,-101.620063781737000,71181900370173,71181900373
06EA010,SK,55.637779235839800,-102.217498779297000,71181900510041,71181900511
06EA002,SK,55.536289215087800,-102.323707580565000,71181900540213,71181900543
06EA011,SK,55.575279235839800,-102.829971313477000,71181900700503,71181900703
06CD004,SK,55.452781677246100,-103.444442749022000,71183000050253,71183000053
06CD001,SK,55.416671752929700,-104.559722900390000,71185100040223,71185100043
06CD002,SK,55.647689819335900,-104.736000061034000,71185100120253,71185100123
06CC001,SK,55.163330078125000,-106.206939697265000,71185400180711,71185400181
06BB002,SK,55.961109161377000,-107.438888549805000,71185700140293,71185700143
06BC001,SK,56.091670989990100,-107.591667175292000,71185800020151,71185800021
06BB003,SK,55.923168182372900,-107.725723266602000,71185900050223,71185900053
06AG002,SK,54.930690765380900,-107.744056701660000,71187000070171,71187000071
06AG001,SK,54.819171905517500,-107.810562133789000,71187000080231,71187000081
06AF006,SK,54.650001525878800,-107.855560302734000,71188000010321,71188000011
06AF004,SK,54.412780761718800,-108.589172363280000,71188000110161,71188000111
06AF005,SK,54.445831298828000,-109.222503662109000,71188000140591,71188000141
06AF009,SK,54.440559387207000,-109.313888549805000,71188000150153,71188000153
06AF001,SK,54.566020965576200,-109.842430114745000,71188000210013,71188000213
06AF008,AB,54.686111450195200,-110.026390075684000,71188000240131,71188000241
05UF007,MB,56.397499084472600,-94.369438171386700,71211000160024,71211000164
05UF006,MB,56.380279541015500,-94.633888244628900,71211000180034,71211000184
05UF596,MB,56.337249755859400,-95.305160522460800,71211000250193,71211000253
05UF587,MB,56.307929992675800,-95.554710388183500,71211000280653,71211000283
05UF771,MB,56.303718566894500,-95.696876525878900,71211000290493,71211000293
05UF003,MB,56.243858337402300,-96.087287902832000,71211000320283,71211000323
05TG004,MB,56.086940765380900,-96.834999084472600,71212000030393,71212000033
05TG712,MB,55.944000244140500,-97.349998474121000,71212000090033,71212000093
05TG702,MB,55.754070281982400,-97.832763671875000,71212000130313,71212000133
05TG001,MB,55.742168426513700,-97.895668029785100,71212000140231,71212000141
05TG703,MB,55.715969085693400,-97.936378479003900,71212000140451,71212000141
05TG005,MB,55.712921142578000,-97.948638916015500,71212000150024,71212000154
05TG701,MB,55.719829559326200,-97.946441650390500,71212000170011,71212000171
05TG707,MB,55.698860168457000,-98.049468994140500,71212000190233,71212000193
05TG746,MB,55.648029327392500,-98.096862792968800,71212000190563,71212000193
05TF707,MB,55.573879241943400,-98.315826416015500,71212000210393,71212000213
05TF725,MB,55.539600372314500,-98.478462219238200,71212000220621,71212000221
05TF772,MB,55.603488922119000,-98.531730651855400,71212000250283,71212000253
05TF723,MB,55.628601074218800,-98.706611633300700,71212000270261,71212000271
05TE001,MB,55.464691162109400,-99.096893310546800,71212000340041,71212000341
05TE002,MB,55.496620178222600,-99.220886230468800,71212000370171,71212000371
05TG747,MB,55.779998779296900,-97.944000244140500,71212000670373,71212000673
05TG003,MB,55.995258331298800,-97.357620239257700,71212000760051,71212000761
05TF003,MB,55.860279083252000,-99.292778015136700,71212000800123,71212000803
05TF701,MB,55.840610504150300,-99.266273498535100,71212000800293,71212000803
05TF001,MB,55.783069610595700,-98.881523132324200,71212001050103,71212001053
05UF792,MB,56.067218780517500,-96.541282653808500,71213000010503,71213000013
05UE714,MB,55.828609466552600,-96.602462768554700,71215000030453,71215000033
05UE711,MB,55.731380462646400,-96.664436340332000,71215000040493,71215000043
05UE713,MB,55.581951141357400,-96.741500854492200,71215000060273,71215000063
05UE703,MB,55.438060760497900,-96.786407470703100,71215000080053,71215000083
05UE712,MB,55.221458435058600,-97.189170837402300,71215000120321,71215000121
05UE004,MB,55.223331451416000,-97.218330383300700,71215000120411,71215000121
05UD005,MB,55.220829010009800,-97.303329467773300,71215000130143,71215000133
05UD004,MB,54.775001525878800,-97.930557250976600,71215000230513,71215000233
05UD009,MB,54.708328247070200,-97.875000000000000,71215000270103,71215000273
05UD701,MB,54.699230194091700,-97.889793395996000,71215000270143,71215000273
05UD703,MB,54.693851470947300,-97.889717102050700,71215000270163,71215000273
05UB701,MB,54.539680480957000,-98.027938842773300,71216000070183,71216000073
05UB009,MB,54.498058319091700,-98.048057556152300,71216000070513,71216000073
05UB702,MB,54.420700073242200,-98.063369750976600,71216000090193,71216000093
05UB704,MB,54.388759613037100,-98.006958007812500,71216000090633,71216000093
05UB007,MB,54.362781524658200,-98.124168395996000,71216000160083,71216000163
05UC701,MB,54.538928985595700,-98.363853454589800,71216000280713,71216000283
05UC702,MB,54.500190734863300,-98.611396789550700,71216000290761,71216000291
05UB710,MB,54.025970458984400,-98.292968750000000,71216000380383,71216000383
05UB006,MB,54.063060760497900,-98.197776794433500,71217000020243,71217000023
05UD001,MB,54.623611450195200,-97.785278320312500,71217000400363,71217000403
05UB717,MB,54.269161224365100,-97.558883666992200,71217000500161,71217000501
05UB008,MB,54.244171142578000,-97.590827941894500,71217000500361,71217000501
05UA003,MB,53.822219848632700,-97.775001525878900,71217000570221,71217000571
05RE001,MB,52.772689819335900,-96.759078979492200,71218000160203,71218000163
05LM006,MB,52.001949310302600,-98.329780578613200,71222100080441,71222100081
05LM001,MB,51.587329864502000,-98.711807250976600,71222100190451,71222100191
05LH002,MB,51.813888549804700,-99.533332824707000,71222300150351,71222300151
05LH004,MB,51.833328247070200,-99.550003051757700,71222300160051,71222300161
05LH005,MB,51.848499298095700,-99.546173095703100,71222300160191,71222300161
05LH001,MB,51.646999359130900,-99.923439025878900,71222400010703,71222400013
05LJ002,MB,51.527778625488300,-99.991668701171900,71222400040211,71222400041
05LJ014,MB,51.503608703613300,-99.995826721191400,71222400040361,71222400041
05LJ001,MB,51.461109161377000,-99.988891601562500,71222400040631,71222400041
05LC004,MB,52.876281738281200,-101.049392700194000,71222900040371,71222900041
05LC001,SK,52.859470367431500,-102.195060729980000,71222900180701,71222900181
05LC002,SK,52.818061828613300,-102.368606567382000,71222900200141,71222900201
05LB007,SK,52.833061218261600,-102.395561218262000,71222900200291,71222900201
05RD005,MB,52.353279113769500,-97.022003173828000,71223200070383,71223200073
05RD007,MB,52.202781677246100,-96.102783203124900,71223200200271,71223200201
05RD010,MB,52.191669464111200,-96.088890075683500,71223200200321,71223200201
05RD001,MB,52.049999237060400,-95.466667175292900,71223400120021,71223400121
05RD008,MB,52.028831481933600,-96.395172119140500,71223400360013,71223400363
05RD009,MB,52.022220611572300,-96.388893127441400,71223400360043,71223400363
05RB003,MB,51.703418731689500,-96.604530334472600,71223800070381,71223800071
05SA005,MB,50.631671905517500,-96.322776794433500,71224100100413,71224100103
05PF069,MB,50.567501068115100,-96.177497863769500,71224100130024,71224100134
05PF048,MB,50.463890075683600,-96.004173278808500,71224100170013,71224100173
05PF044,MB,50.438888549804700,-95.974998474121000,71224100190093,71224100193
05PF068,MB,50.398059844970700,-95.997222900390500,71224100200073,71224100203
05PF022,MB,50.287498474121100,-96.001388549804700,71224100230133,71224100233
05PF060,MB,50.251388549804700,-96.038887023925700,71224100230363,71224100233
05PF057,MB,50.119438171386600,-96.013893127441400,71224100250034,71224100254
05PF015,MB,50.120830535888700,-96.011108398437500,71224100250044,71224100254
05PF801,MB,50.144168853759800,-95.817779541015500,71224100270333,71224100273
05PF063,MB,50.224998474121100,-95.570831298828000,71224100290014,71224100294
05PF008,MB,50.237499237060400,-95.562500000000000,71224100300073,71224100303
05PF001,MB,50.304168701171900,-95.550003051757700,71224100320113,71224100323
05PF064,MB,50.366668701171900,-95.338890075683500,71224100340023,71224100343
05PF051,ON,50.211921691894500,-95.092582702636700,71224100380043,71224100383
05QE005,ON,50.266670227050800,-94.970832824707000,71224200030016,71224200036
05PE021,ON,50.130931854247900,-94.927886962890500,71224300040203,71224300043
05PE010,ON,50.116668701171900,-94.870826721191400,71224300050073,71224300053
05PE025,ON,49.883918762207000,-94.548637390136700,71224300090323,71224300093
05PE022,ON,49.791419982910100,-94.520576477050700,71224300120111,71224300121
05PE020,ON,49.784610748291000,-94.513107299804700,71224300120151,71224300121
05PE028,ON,49.777080535888700,-94.524108886718800,71224300130063,71224300133
05PE008,ON,49.770828247070200,-94.550003051757700,71224300130133,71224300133
05PE011,ON,49.771968841552600,-94.524467468261700,71224300140014,71224300144
05PE029,ON,49.771800994872900,-94.520927429199200,71224300140024,71224300144
05PE030,ON,49.768310546875000,-94.517639160156100,71224300140044,71224300144
05PE001,ON,49.772811889648400,-94.503639221191400,71224300150023,71224300153
05PC027,ON,48.767429351806500,-94.665000915527300,71224300410521,71224300411
05PC021,ON,48.717018127441300,-94.564231872558500,71224300420331,71224300421
05PC018,MN,48.634471893310400,-93.913360595703100,71224300470014,71224300474
05PD011,ON,49.712638854980400,-94.810249328613200,71224301200193,71224301203
05PE009,ON,49.986560821533200,-94.663688659667900,71224301460043,71224301463
05PC019,ON,48.608528137207000,-93.403442382812500,71224700020621,71224700021
05PC025,ON,48.616249084472600,-93.359916687011700,71224700050053,71224700053
05PC024,ON,48.613891601562400,-93.354721069335800,71224700050083,71224700053
05PB023,ON,48.841541290283200,-93.623718261718800,71224700180873,71224700183
05PB009,ON,48.744438171386600,-92.284721374511700,71224800090024,71224800094
05PB001,ON,48.750000000000000,-92.199996948242200,71224800110013,71224800113
05OJ018,MB,50.391109466552600,-96.808326721191400,71225000110363,71225000113
05OJ022,MB,50.283000946044900,-96.858558654785100,71225000140011,71225000141
05OJ005,MB,50.145641326904200,-96.866188049316400,71225000150261,71225000151
05OJ829,MB,50.132221221923800,-96.855560302734400,71225000150371,71225000151
05OJ010,MB,50.107780456542900,-96.931671142578000,71225000150721,71225000151
05OJ021,MB,50.083889007568400,-96.937423706054700,71225000160024,71225000164
05OJ023,MB,49.950729370117200,-97.097221374511700,71225000180321,71225000181
05OJ001,MB,49.916671752929700,-97.125000000000000,71225000180571,71225000181
05OJ015,MB,49.898498535156200,-97.132186889648300,71225000180781,71225000181
05OC003,MB,49.854171752929700,-97.141670227050700,71226100010341,71226100011
05OC008,MB,49.784721374511600,-97.135223388671900,71226100020441,71226100021
05OC020,MB,49.754379272460900,-97.133476257324200,71226100030201,71226100031
05OC021,MB,49.750720977783200,-97.133361816406100,71226100030211,71226100031
05OC026,MB,49.739311218261600,-97.130218505859400,71226100030291,71226100031
05OE013,MB,49.695831298828000,-97.093078613281100,71226100040331,71226100041
05OC028,MB,49.679531097412100,-97.119689941406100,71226100040501,71226100041
05OC012,MB,49.567001342773400,-97.181747436523300,71226100060181,71226100061
05OC006,MB,49.355190277099600,-97.349060058593800,71226100080031,71226100081
05OC009,MB,49.265830993652300,-97.340423583984400,71226100100021,71226100101
05OC010,MB,49.131721496582000,-97.253250122070200,71226100120441,71226100121
05OC001,MB,49.003749847412100,-97.223831176757700,71226300020471,71226300021
05MJ002,MB,49.875000000000000,-97.191673278808500,71227000010311,71227000011
05MJ013,MB,49.884239196777300,-97.194732666015500,71227000010321,71227000011
05MJ001,MB,49.868278503417900,-97.405281066894500,71227000020351,71227000021
05MJ012,MB,50.012058258056500,-97.760833740234400,71227000070451,71227000071
05MJ003,MB,49.937778472900300,-98.273719787597600,71227000130661,71227000131
05MJ006,MB,49.944419860839800,-98.336669921875000,71227000150021,71227000151
05MJ005,MB,49.758888244628800,-98.642219543457000,71227000210111,71227000211
05MH005,MB,49.698638916015500,-98.889556884765500,71227000250151,71227000251
05MH001,MB,49.861438751220700,-99.961578369140500,71228100050481,71228100051
05MH013,MB,49.870578765869000,-100.100028991699000,71228300010141,71228300011
05MG801,MB,49.843330383300800,-100.459999084472000,71228300050601,71228300051
05MG013,MB,49.843059539794900,-100.462783813477000,71228300050611,71228300051
05JG006,SK,50.978641510009800,-106.398468017577000,71228900020121,71228900021
05JG010,SK,50.979961395263700,-106.290702819824000,71228900020541,71228900021
05JG901,SK,50.980560302734400,-106.237220764160000,71228900020731,71228900021
05KL001,MB,53.163890838622900,-99.348892211914100,71230100130343,71230100133
05KK007,MB,53.639720916747900,-100.323059082030000,71230200030601,71230200031
05KJ705,MB,53.510250091552600,-100.650863647460000,71230300030611,71230300031
05KJ704,MB,53.678611755371100,-100.995552062987000,71230300050971,71230300051
05KJ001,MB,53.838058471679700,-101.208717346190000,71230300090291,71230300091
05KH701,MB,53.899719238281200,-101.446388244629000,71230500020221,71230500021
05KH008,SK,53.886108398437500,-101.827781677245000,71230500060271,71230500061
05KH010,SK,53.883331298828000,-101.933326721190000,71230500070201,71230500071
05KH011,SK,53.833328247070200,-102.940277099609000,71230500190361,71230500191
05KH009,SK,53.834358215332000,-102.944236755370000,71230500190381,71230500191
05KH012,SK,53.950000762939500,-102.183326721190000,71230600010031,71230600011
05KG002,SK,54.438888549804700,-102.175003051757000,71230600180153,71230600183
05KG007,SK,54.827781677246100,-102.635559082030000,71230600250033,71230600253
05KE004,SK,54.149440765380900,-103.030563354492000,71230700110291,71230700111
05KD005,SK,53.713890075683600,-103.266670227050000,71230900040121,71230900041
05KD003,SK,53.707141876220700,-103.298721313477000,71230900040241,71230900041
05KD004,SK,53.657188415527300,-103.395606994629000,71230900070013,71230900073
05KD001,SK,53.366668701171900,-104.038887023925000,71230900120301,71230900121
05KD006,SK,53.319721221923800,-104.041938781737000,71230900130014,71230900134
05KD007,SK,53.246109008789000,-105.068328857422000,71230900200641,71230900201
05GG002,SK,53.221389770507700,-105.720832824707000,71241000050201,71241000051
05GG001,SK,53.203460693359400,-105.772499084472000,71241000050391,71241000051
05GD001,SK,52.372219085693400,-107.148002624512000,71241000150481,71241000151
05EG001,SK,52.758888244628800,-108.313331604004000,71243000050661,71243000051
05EF001,SK,53.523189544677600,-109.617889404297000,71245000110071,71245000111
05EF003,AB,53.658329010009800,-110.338890075684000,71245000150521,71245000151
05EE002,AB,53.651000976562400,-110.345001220702000,71245000150541,71245000151
05EC004,AB,54.029720306396400,-112.845558166504000,71247000150801,71247000151
05EB015,AB,53.889171600341700,-112.949172973632000,71247000160821,71247000161
05DF001,AB,53.537208557128800,-113.485496520995000,71247000210431,71247000211
05DE010,AB,53.315479278564500,-114.757957458495000,71247000330491,71247000331
05DE001,AB,53.215278625488300,-114.931106567382000,71247000350241,71247000351
05DE011,AB,53.207061767578000,-114.930328369140000,71247000350291,71247000351
05DE006,AB,53.052459716796900,-115.211181640624000,71247000370141,71247000371
05DD005,AB,52.912498474121100,-115.363891601562000,71248000010811,71248000011
05DD006,AB,52.970558166503800,-115.580276489257000,71248000030023,71248000033
05DC012,AB,52.663818359375000,-115.075782775879000,71249000040481,71249000041
05DC001,AB,52.376701354980400,-114.941322326660000,71249000080431,71249000081
05DC006,AB,52.368591308593800,-115.422180175780000,71249000120101,71249000121
05DC002,AB,52.452781677246100,-115.755561828612000,71249000140201,71249000141
05DC007,AB,52.299999237060400,-116.316673278809000,71249000180841,71249000181
05DC010,AB,52.310001373291000,-116.322502136230000,71249000180851,71249000181
05DC009,AB,52.307781219482400,-116.328330993652000,71249000180871,71249000181
05DA001,AB,52.099998474121100,-116.416671752930000,71249000210413,71249000213
05DA003,AB,52.093330383300800,-116.419441223145000,71249000210453,71249000213
05DA009,AB,52.001190185546900,-116.470932006835000,71249000220641,71249000221
05DA005,AB,51.966670989990100,-116.716667175292000,71249000230831,71249000231
05DA006,AB,51.966670989990100,-116.724998474120000,71249000230851,71249000231
05DB001,AB,52.344440460205000,-114.936111450194000,71249000290131,71249000291
05DB006,AB,52.252101898193400,-114.855819702147000,71249000300016,71249000306
05HH001,SK,52.923610687255900,-105.805557250977000,71250100060841,71250100061
05HG001,SK,52.140670776367200,-106.644309997559000,71250300070331,71250300071
05HF001,SK,51.473609924316300,-107.077781677245000,71250500070251,71250500071
05HF004,SK,51.322219848632700,-106.955276489257000,71250500090481,71250500091
05HF003,SK,51.280250549316300,-106.839187622070000,71250500260223,71250500263
05HF007,SK,51.285278320312400,-106.836112976074000,71250500270016,71250500276
05HC004,SK,50.655830383300800,-107.968887329102000,71250700020433,71250700023
05HC001,SK,50.652778625488300,-107.972221374512000,71250700020443,71250700023
05HB001,SK,51.024330139160100,-109.136497497559000,71250900090221,71250900091
05CK002,AB,50.963890075683600,-110.027778625487000,71260100020091,71260100021
05CK004,AB,50.902690887451200,-110.299499511719000,71260100030731,71260100031
05CJ009,AB,50.843891143798800,-111.153327941895000,71260100110141,71260100111
05CJ010,AB,50.954719543457000,-111.958328247070000,71260300040211,71260300041
05CG005,AB,51.328330993652300,-112.476112365722000,71260300100131,71260300101
05CE001,AB,51.467269897460900,-112.711486816405000,71260500010261,71260500011
05CE020,AB,51.471530914306500,-112.716987609862000,71260500010281,71260500011
05CD004,AB,52.299999237060400,-113.066673278809000,71260500100081,71260500101
05CC011,AB,52.268489837646400,-113.799850463867000,71260500160171,71260500161
05CC002,AB,52.270530700683600,-113.823112487792000,71260500160251,71260500161
05CB007,AB,52.058349609375000,-114.218582153320000,71260900010521,71260900011
05CB006,AB,52.046440124511600,-114.228813171387000,71260900040043,71260900043
05AK001,AB,50.737499237060400,-110.095832824707000,71270000040041,71270000041
05AH049,AB,50.029720306396400,-110.640830993652000,71270000170181,71270000171
05AJ001,AB,50.042091369628800,-110.677543640137000,71270000170341,71270000171
05AJ003,AB,49.927780151367200,-111.413887023925000,71270000230141,71270000231
05AJ004,AB,49.902500152587800,-111.476669311522000,71270000230411,71270000231
05AJ002,AB,49.898059844970700,-111.666671752930000,71270000240601,71270000241
05AG005,AB,49.916671752929700,-111.727783203124000,71280000010251,71280000011
05AG006,AB,49.918891906738300,-111.800003051757000,71280000020101,71280000021
05AG025,AB,49.880561828613300,-112.013610839844000,71280000040031,71280000041
05AG023,AB,49.808330535888700,-112.179168701172000,71280000070271,71280000071
05AG027,AB,49.802780151367200,-112.231109619140000,71280000070471,71280000071
05AG007,AB,49.843891143798800,-112.429443359375000,71280000090331,71280000091
05AD034,AB,49.852779388427600,-112.586112976074000,71280000110321,71280000111
05AD038,AB,49.872219085693400,-112.599998474120000,71280000110391,71280000111
05AD037,AB,49.830619812011600,-112.764381408690000,71280000130381,71280000131
05AD007,AB,49.709419250488300,-112.862876892090000,71280000150741,71280000151
05AD020,AB,49.661109924316300,-112.826393127440000,71280000170151,71280000171
05AE006,AB,49.573459625244000,-112.846710205077000,71280000190071,71280000191
05AE016,AB,49.565540313720700,-112.827407836914000,71280000190141,71280000191
05AE025,AB,49.363048553466700,-113.114562988280000,71280000310013,71280000313
05AE043,AB,49.091838836669900,-113.220886230469000,71280000340471,71280000341
05AE004,AB,49.075279235839800,-113.211936950684000,71280000340631,71280000341
05AE027,AB,49.012058258056500,-113.299560546875000,71280000360461,71280000361
05AD019,AB,49.790279388427600,-113.123611450194000,71280000410481,71280000411
05AB007,AB,49.716670989990100,-113.449996948242000,71280000450101,71280000451
05AB020,AB,49.698608398437500,-113.561668395995000,71280000460121,71280000461
05AB019,AB,49.687061309814500,-113.576919555664000,71280000460171,71280000461
05AB018,AB,49.680561065673800,-113.613891601562000,71280000460531,71280000461
05AB032,AB,49.666671752929700,-113.599998474120000,71280000470024,71280000474
05AA024,AB,49.557811737060400,-113.822723388672000,71280000500481,71280000501
05AD934,AB,49.728698730468800,-113.124748229980000,71280000600371,71280000601
05BN007,AB,50.044441223144500,-111.583328247070000,71290000020051,71290000021
05BN012,AB,50.047279357910100,-111.590919494629000,71290000020081,71290000021
05BN019,AB,50.149719238281200,-111.684440612792000,71290000030411,71290000031
05BN016,AB,50.222499847412100,-112.008888244629000,71290000060311,71290000061
05BN008,AB,50.195400238037100,-112.047561645507000,71290000060481,71290000061
05BN023,AB,50.195278167724600,-112.088333129882000,71290000060621,71290000061
05BN014,AB,50.430561065673800,-112.227783203124000,71290000080871,71290000081
05BM004,AB,50.750179290771400,-112.542251586914000,71290000120901,71290000121
05BM020,AB,50.745830535888700,-112.516670227050000,71290000130024,71290000134
05AC004,AB,50.746109008789000,-113.021392822265000,71290000190301,71290000191
05BM021,AB,50.825958251953000,-113.431297302245000,71290000230631,71290000231
05BM002,AB,50.822818756103500,-113.444831848145000,71290000240024,71290000244
05BK003,AB,50.906940460205000,-114.015556335449000,71290000290151,71290000291
05BH002,AB,51.033329010009800,-114.016670227050000,71290000310201,71290000311
05BM015,AB,51.044231414794900,-114.009353637694000,71290000310251,71290000311
05BH901,AB,51.049999237060400,-114.016670227050000,71290000310271,71290000311
05BH004,AB,51.050270080566300,-114.051460266112000,71290000310401,71290000311
05BH008,AB,51.099441528320200,-114.225280761719000,71290000320651,71290000321
05BH005,AB,51.173740386962800,-114.466430664062000,71290000340661,71290000341
05BE006,AB,51.213890075683600,-114.611106872559000,71290000350501,71290000351
05BE999,AB,51.224998474121100,-114.708328247070000,71290000350891,71290000351
05BE005,AB,51.216670989990100,-114.716667175292000,71290000360053,71290000363
05BE001,AB,51.172218322753800,-114.849998474120000,71290000370021,71290000371
05BE004,AB,51.119438171386600,-115.033332824707000,71290000380014,71290000384
05BE003,AB,51.088890075683600,-115.088890075684000,71290000410111,71290000411
05BE009,AB,51.083328247070200,-115.366668701172000,71290000460031,71290000461
05BE008,AB,51.084720611572300,-115.364166259765000,71290000460041,71290000461
05BE007,AB,51.088890075683600,-115.373611450194000,71290000460101,71290000461
05BC001,AB,51.160179138183600,-115.554466247559000,71290000480151,71290000481
05BB001,AB,51.172229766845700,-115.571769714354000,71290000480221,71290000481
05BB005,AB,51.222778320312400,-115.811111450194000,71290000490521,71290000491
05BA006,AB,51.244438171386600,-115.841667175292000,71290000490671,71290000491
05BA007,AB,51.347221374511600,-116.068061828612000,71290000510361,71290000511
05BA001,AB,51.428600311279200,-116.188941955565000,71290000520451,71290000521
05BA003,AB,51.440280914306500,-116.208328247070000,71290000520561,71290000521
05BA005,AB,51.441669464111200,-116.210563659667000,71290000520581,71290000521
04AB719,MB,56.850799560546900,-92.653900146484400,71321000030361,71321000031
04AB001,MB,56.416671752929700,-92.809173583984400,71321000070211,71321000071
04AA004,MB,54.856391906738300,-95.120002746582000,71322300230071,71322300231
04AA003,MB,54.944858551025300,-95.247611999511700,71322300240143,71322300243
04AA001,MB,54.959720611572300,-95.268608093261700,71322300250061,71322300251
04AD002,MB,55.850360870361200,-92.094856262207000,71323000070521,71323000071
04AC005,MB,55.026390075683600,-93.836112976074200,71327000100501,71327000101
04AC006,MB,54.830921173095700,-94.085220336914100,71327000150023,71327000153
04CC001,ON,55.375000000000000,-88.324996948242200,71343000070481,71343000071
04CC002,ON,55.127559661865100,-88.871398925781100,71345000050121,71345000051
04CD001,ON,54.990280151367200,-89.344436645507700,71346000040081,71346000041
04CA002,ON,53.489471435546900,-91.510223388671900,71347000370173,71347000373
04CB001,ON,53.350189208984400,-91.791610717773300,71348000010173,71348000013
04CA001,ON,53.050830841064500,-93.337501525878900,71349000720373,71349000723
04DC001,ON,54.499610900878800,-87.227691650390500,71352500140851,71352500141
04ED001,ON,55.199218750000000,-83.726791381835800,71353200010021,71353200011
04EA001,ON,53.806110382080000,-84.918083190917900,71354000180101,71354000181
04FC002,ON,52.932250976562400,-83.367637634277300,71356100020521,71356100021
04FC001,ON,53.091308593750000,-85.072250366210800,71356300010481,71356300011
04FC003,ON,52.866668701171900,-86.240562438964800,71356400090351,71356400091
04FB001,ON,52.085781097412100,-87.056388854980400,71356500180691,71356500181
04FA001,ON,51.823249816894500,-89.602142333984400,71356700190771,71356700191
04HA002,ON,51.853809356689500,-82.975418090820200,71363000090291,71363000091
04HA001,ON,51.330558776855400,-83.833328247070200,71365000030631,71365000031
04JF001,ON,50.661190032958900,-86.536247253417900,71366200160033,71366200163
04JG001,ON,50.422859191894500,-84.381530761718800,71366500050391,71366500051
04JA001,ON,49.783329010009800,-84.099998474121000,71366600070321,71366600071
04JA002,ON,49.744171142578000,-84.103607177734400,71366600070571,71366600071
04JC003,ON,49.755561828613300,-84.406669616699200,71366800090351,71366800091
04GB001,ON,50.755561828613300,-87.994438171386700,71368000330014,71368000334
04GD001,ON,51.641529083252000,-86.390998840332000,71369100050041,71369100051
04GC002,ON,51.366580963134800,-89.422279357910100,71369300140091,71369300141
04MF001,ON,51.076721191406200,-80.764076232910100,71381000050541,71381000051
04KA001,ON,51.160831451416000,-80.863937377929700,71381000230191,71381000231
04ME003,ON,50.602920532226500,-81.414642333984400,71382000060471,71382000061
04ME004,ON,50.181938171386600,-81.636672973632700,71382000100014,71382000104
04ME002,ON,49.881938934326200,-81.566673278808500,71382000140014,71382000144
04ME001,ON,49.575000762939500,-81.386108398437500,71382000200011,71382000201
04MC001,ON,48.762218475341700,-80.668609619140500,71382000310054,71382000314
04MC002,ON,48.750000000000000,-80.583328247070200,71382000340024,71382000344
04MA004,QC,48.750000000000000,-79.227783203124900,71382000540361,71382000541
04MA003,QC,48.806388854980400,-79.226387023925700,71382000540711,71382000541
04MD001,ON,49.088890075683600,-81.154167175292900,71382000790441,71382000791
04MD002,ON,48.792499542236200,-81.014717102050700,71382000820024,71382000824
04MD003,ON,48.547218322753800,-80.973892211914100,71382000850521,71382000851
04LG002,ON,50.813888549804700,-81.294441223144500,71383000040463,71383000043
04LG004,ON,50.751579284667900,-81.451393127441400,71383000050681,71383000051
04LM001,ON,50.585441589355400,-82.091003417968800,71384000040171,71384000041
04LJ001,ON,49.611080169677600,-83.267776489257700,71384000200271,71384000201
04LG005,ON,50.246669769287100,-82.093887329101600,71385000060051,71385000061
04LG001,ON,50.064170837402300,-82.155563354492200,71385000130014,71385000134
04LG003,ON,50.004169464111200,-82.166671752929700,71385000160024,71385000164
04LF001,ON,49.414421081542900,-82.439941406250000,71386000060431,71386000061
04LB001,ON,49.267780303955000,-81.641670227050700,71388000080101,71388000081
04LA001,ON,48.479171752929700,-81.354171752929700,71388000230031,71388000231
04LA002,ON,48.404308319091700,-81.448356628417900,71388000240471,71388000241
04LA005,ON,47.715190887451200,-81.612609863281100,71388000380063,71388000383
04LD001,ON,49.310840606689500,-82.041427612304700,71389000050711,71389000051
04NA001,QC,48.600559234619000,-78.109443664550700,72110600390321,72110600391
04NA002,QC,48.569721221923800,-78.123329162597600,72110600400091,72110600401
04NB001,QC,49.985279083252000,-79.095283508300700,72110600590791,72110600591
03AD001,QC,50.134441375732400,-77.421112060546800,72120300120233,72120300123
03AB002,QC,49.857498168945200,-77.187217712402300,72120400040033,72120400043
03AB001,QC,49.651390075683600,-76.494438171386700,72120400110511,72120400111
03AB003,QC,49.696670532226500,-75.985000610351600,72120400140821,72120400141
03AC004,QC,49.753059387207000,-77.614440917968800,72120500040391,72120500041
03AD002,QC,49.783611297607400,-77.827499389648300,72120500100501,72120500101
03AC009,QC,49.010829925537100,-77.063331604003900,72120700070241,72120700071
03AC006,QC,48.387779235839800,-77.230827331542900,72120800010713,72120800013
03AC008,QC,48.387500762939500,-77.238327026367200,72120800020031,72120800021
03AC001,QC,48.351390838622900,-77.273330688476600,72120800020281,72120800021
03AC005,QC,48.318889617919900,-77.303886413574200,72120800020561,72120800021
03AC007,QC,48.371109008789000,-77.118606567382700,72120900020671,72120900021
03AC002,QC,48.336940765380900,-77.080001831054700,72120900030061,72120900031
03BE001,QC,51.185001373291000,-77.433059692382700,72130000120411,72130000121
03BD001,QC,50.787220001220700,-76.720283508300700,72130000310161,72130000311
03BD002,QC,50.745830535888700,-76.387779235839800,72130000330531,72130000331
03BC002,QC,51.448608398437500,-76.866386413574200,72140100140451,72140100141
03BC001,QC,51.314441680908200,-76.909439086914100,72140100250113,72140100253
03BA003,QC,51.083328247070200,-72.877777099609400,72140900130191,72140900131
03BF001,QC,51.533611297607400,-78.096672058105400,72150000080151,72150000081
03CC001,QC,52.245559692382700,-78.072502136230400,72160100040023,72160100043
03CD001,QC,52.770561218261600,-76.160278320312500,72160400130323,72160400133
03CE001,QC,52.652221679687500,-76.186111450195200,72160400380373,72160400383
03CB001,QC,52.197219848632700,-75.991943359375000,72160500060133,72160500063
03CB004,QC,52.171108245849600,-74.592216491699200,72160500220161,72160500221
03CA001,QC,52.026390075683600,-73.360557556152300,72160900610801,72160900611
03DF001,QC,53.729999542236200,-78.573333740234400,72180100050014,72180100054
03DF002,QC,53.793609619140500,-77.523887634277300,72180100120633,72180100123
03DB001,QC,53.734169006347600,-76.948059082031100,72180200010453,72180200013
03DB004,QC,54.244998931884800,-76.168060302734400,72180200110061,72180200111
03DE002,QC,53.436111450195200,-76.191673278808500,72180400200111,72180400201
03DE003,QC,53.258060455322300,-74.794166564941400,72180400310051,72180400311
03DE006,QC,53.411388397216700,-76.727500915527300,72180400410253,72180400413
03DE005,QC,53.468059539794900,-76.679718017578000,72180400420021,72180400421
03DD002,QC,53.167499542236200,-74.473060607910100,72180600030151,72180600031
03DD005,QC,53.284439086914000,-74.747779846191400,72180600240101,72180600241
03DD003,QC,53.620559692382700,-74.705276489257700,72180600320173,72180600323
03DD004,QC,53.247219085693400,-74.630561828613200,72180600330071,72180600331
03DD001,QC,53.252498626708900,-74.629173278808500,72180600340024,72180600344
03DC002,QC,53.627780914306500,-74.527496337890500,72180700010073,72180700013
03EE003,QC,54.415000915527300,-78.803329467773300,72191000080071,72191000081
03ED002,QC,55.286109924316300,-77.587219238281100,72192100020121,72192100021
03EC001,QC,55.008331298828000,-77.063888549804700,72192200030313,72192200033
03ED003,QC,55.223888397216700,-77.079170227050700,72192300020401,72192300021
03ED001,QC,55.237499237060400,-76.983886718750000,72192300020861,72192300021
03ED004,QC,55.395000457763700,-77.035827636718800,72192400020221,72192400021
03EA001,QC,54.849170684814500,-73.983612060546800,72192500200051,72192500201
03FA002,QC,56.861110687255900,-76.208328247070200,72196000050111,72196000051
03GD002,QC,60.088890075683600,-76.938888549804700,72198000050265,72198000055
03GD001,QC,59.874439239502000,-76.599441528320200,72198000320403,72198000323
03HA007,QC,60.115280151367200,-70.916671752929700,72210000070041,72210000071
03HA002,QC,60.066669464111200,-71.061111450195200,72220100030305,72220100035
03HA003,QC,60.066669464111200,-71.130561828613200,72220100030505,72220100035
03HA015,QC,60.091670989990100,-71.191673278808500,72220200020101,72220200021
03HA010,QC,60.013889312744000,-71.744438171386700,72220400010041,72220400011
03HA009,QC,60.000000000000000,-71.750000000000000,72220400010141,72220400011
03HA011,QC,59.819438934326200,-71.738891601562500,72220400020891,72220400021
03HA012,QC,59.809440612792900,-71.736671447753900,72220400030133,72220400033
03HA004,QC,60.019439697265500,-71.775001525878900,72220500010081,72220500011
03HA001,QC,59.988891601562400,-71.908332824707000,72220500010511,72220500011
03HB003,QC,59.955558776855400,-72.405563354492200,72220600010081,72220600011
03HB004,QC,60.191669464111200,-72.660560607910100,72220600030721,72220600031
03HB005,QC,60.191669464111200,-72.675003051757700,72220600030761,72220600031
03JB002,QC,58.652778625488300,-70.405563354492200,72240100020525,72240100025
03JB001,QC,58.640281677246100,-70.420562744140500,72240100020635,72240100025
03JB004,QC,58.284168243408200,-71.282501220703000,72240300050171,72240300051
03JA002,QC,57.296390533447300,-74.750000000000000,72240900200183,72240900203
03KE001,QC,58.026111602783200,-68.485282897949200,72261000010225,72261000015
03KC002,QC,57.686668395996100,-69.591667175292900,72262100010381,72262100011
03KC003,QC,57.560558319091700,-70.084999084472600,72262300010741,72262300011
03KA001,QC,57.258331298828000,-71.079719543457000,72262400030171,72262400031
03LD006,QC,56.833328247070200,-68.958061218261700,72264000020013,72264000023
03LD004,QC,56.642780303955000,-68.563888549804700,72264000070043,72264000073
03LE002,QC,55.837779998779200,-68.414436340332000,72265000150041,72265000151
03MB002,QC,57.883331298828000,-67.583328247070200,72270400050451,72270400051
03MB003,QC,57.783329010009800,-67.491668701171900,72270400070051,72270400071
03MC001,QC,57.910560607910100,-66.372779846191400,72270800070163,72270800073
03ME002,QC,58.154720306396400,-65.843612670898300,72280300030071,72280300031
03MD001,QC,56.783058166503800,-64.868057250976600,72280700020593,72280700023
03MD002,QC,55.861938476562400,-64.879997253417900,72280800020011,72280800021
02YL012,NL,48.953189849853500,-57.827751159667900,72302000050053,72302000053
02YL003,NL,48.982860565185400,-57.760578155517500,72302000050363,72302000053
02YL007,NL,49.170139312744000,-57.438251495361200,72302000110083,72302000113
02YK001,NL,49.161941528320200,-57.424438476562400,72302000120071,72302000121
02YK009,NL,49.196388244628800,-57.259719848632700,72302000140271,72302000141
02YK010,NL,48.668560028076200,-58.084030151367200,72302000220603,72302000223
02YL001,NL,49.242919921875000,-57.360248565673800,72302000250551,72302000251
02YO005,NL,48.924171447753800,-55.658058166503800,72304000030531,72304000031
02YO001,NL,48.930561065673800,-55.668609619140500,72304000050021,72304000051
02YO018,NL,48.943218231201200,-55.792358398437500,72304000050591,72304000051
02YO007,NL,48.944999694824100,-55.828330993652300,72304000050741,72304000051
02YO010,NL,48.976108551025300,-56.017780303955000,72304000070131,72304000071
02YO019,NL,48.980918884277300,-56.031829833984400,72304000070161,72304000071
02YO013,NL,48.974941253662100,-56.034358978271400,72304000070171,72304000071
02YO011,NL,48.844390869140500,-56.269668579101500,72304000090331,72304000091
02YO016,NL,48.760078430175800,-56.582420349121100,72304000110571,72304000111
02YQ003,NL,49.166671752929700,-54.533329010009800,72306000020373,72306000023
02YQ001,NL,49.016281127929700,-54.850669860839800,72306000060231,72306000061
02YQ004,NL,48.768608093261600,-55.081108093261600,72306000090521,72306000091
02ZH001,NL,47.946670532226500,-54.284328460693400,72307500040145,72307500045
02ZK001,NL,47.227111816406200,-53.568611145019500,72307500190044,72307500194
02ZD002,NL,47.743309020996100,-56.933998107910100,72309000040331,72309000041
03NE013,NL,56.157138824462800,-61.776058197021400,72312000010121,72312000011
03NF001,NL,55.234138488769500,-61.301689147949100,72316000070501,72316000071
03NG001,NL,54.623611450195200,-60.977218627929700,72318000080401,72318000081
03PB002,NL,54.131919860839800,-61.426811218261600,72320000150181,72320000151
03PD002,NL,53.402168273925800,-60.149391174316300,72330000010525,72330000015
03PC001,NL,53.337001800537100,-60.172031402587800,72330000020365,72330000025
03OE019,NL,53.279388427734400,-60.272750854492200,72340100010401,72340100011
03OE016,NL,53.295421600341700,-60.292579650878800,72340100010461,72340100011
03OE014,NL,53.237579345703000,-60.675251007080000,72340100040051,72340100041
03OE004,NL,53.246109008789000,-60.710559844970700,72340100040171,72340100041
03OE007,NL,53.249168395996100,-60.768890380859400,72340100040401,72340100041
03OE005,NL,53.244171142578000,-60.773330688476500,72340100040431,72340100041
03OE015,NL,53.243560791015500,-60.776611328125000,72340100050014,72340100054
03OE001,NL,53.245109558105400,-60.782108306884800,72340100060011,72340100061
03OE012,NL,52.964721679687500,-61.412311553955000,72340100100471,72340100101
03OE008,NL,52.968891143798800,-61.433059692382700,72340100100551,72340100101
03OE006,NL,52.972499847412100,-61.437500000000000,72340100100561,72340100101
03OE013,NL,52.970081329345700,-61.445388793945200,72340100100591,72340100101
03OE003,NL,52.612579345703000,-61.185440063476500,72340100270081,72340100271
03OE002,NL,52.615829467773400,-61.181671142578000,72340100270101,72340100271
03OD009,NL,53.239559173583900,-63.284919738769500,72340300010231,72340300011
03OD001,NL,53.443328857421900,-63.686668395996100,72340300040101,72340300041
03OD004,NL,53.423328399658200,-63.233329772949100,72340300070371,72340300071
03OD010,NL,53.504108428955000,-63.945419311523400,72340400010071,72340400011
03OD008,NL,53.524639129638700,-64.115028381347600,72340400010711,72340400011
03OC003,NL,52.968441009521400,-64.661613464355400,72340400100103,72340400103
03OC005,NL,52.285831451416000,-64.325828552246000,72340400220561,72340400221
03OC007,NL,52.687778472900300,-64.689437866210800,72340400470403,72340400473
03QC001,NL,53.534278869628800,-57.493858337402300,72350200020251,72350200021
03QC003,NL,52.446861267089800,-56.297580718994000,72350500060221,72350500061
03QC002,NL,52.648609161377000,-56.871219635009800,72350500190235,72350500195
02XC001,QC,51.772499084472600,-57.599998474121100,72350600040201,72350600041
02XB001,QC,51.612499237060400,-58.702499389648400,72350800030811,72350800031
02XA008,QC,50.680561065673800,-59.588890075683600,72350900020661,72350900021
02XA006,QC,50.701938629150300,-59.599170684814500,72360000040171,72360000041
02XA007,QC,51.843608856201200,-60.124721527099600,72360000180023,72360000183
02XA003,NL,52.229808807372900,-61.316940307617200,72360000260641,72360000261
02XA004,NL,52.163890838622900,-60.059440612792900,72360000540141,72360000541
02WC002,QC,50.396671295166000,-60.446941375732400,72370000070111,72370000071
02WB001,QC,50.191669464111200,-61.593059539794900,72380000010311,72380000011
02WB003,QC,50.427219390869000,-61.713611602783200,72380000100041,72380000101
02WB002,QC,51.141670227050800,-61.611110687255900,72380000170591,72380000171
02VC001,QC,50.307781219482400,-63.622501373291000,72390400020681,72390400021
02VC002,QC,51.767219543457000,-63.718330383300800,72390400360651,72390400361
02VC003,NL,52.096111297607400,-63.706108093261600,72390400620183,72390400623
02VB001,QC,50.324169158935400,-64.454170227050700,72390800020024,72390800024
02VB003,QC,50.377498626708900,-64.425827026367200,72390800030351,72390800031
02VB004,QC,50.685829162597600,-64.580833435058500,72390800070023,72390800073
02UC002,QC,50.350280761718800,-66.190277099609400,72402000020241,72402000021
02UB002,QC,50.211391448974600,-66.660560607910100,72403000070054,72403000074
02TC001,QC,49.201389312744000,-68.338890075683500,72404100030043,72404100033
02TC003,QC,49.334999084472600,-68.347503662109400,72404100050073,72404100053
02TC004,QC,50.644439697265500,-68.724998474121000,72404500040024,72404500044
02TE001,QC,49.154998779296900,-68.404441833496000,72405000060063,72405000063
02TE003,QC,49.558330535888700,-68.720832824707000,72405000100493,72405000103
02TE002,QC,49.706939697265500,-68.907783508300700,72405000160064,72405000164
02SB001,QC,49.183059692382700,-69.201393127441400,72406000060301,72406000061
02SB004,QC,49.175559997558600,-69.227218627929700,72406000060461,72406000061
02SB005,QC,49.182781219482400,-69.246391296386700,72406000060601,72406000061
02SC002,QC,48.661670684814500,-69.166938781738200,72407000060031,72407000061
02RH008,QC,48.426391601562400,-71.076942443847600,72408200010054,72408200014
02RH015,QC,48.304168701171900,-71.194442749023300,72408200090173,72408200093
02RH002,QC,48.309719085693400,-71.212219238281100,72408200100024,72408200104
02RH071,QC,48.305900573730400,-71.440597534179700,72408200150091,72408200151
02RH034,QC,48.182220458984400,-71.645278930664100,72408200170381,72408200171
02RH017,QC,48.450561523437500,-71.254173278808500,72408300040024,72408300044
02RH001,QC,48.577220916747900,-71.635276794433500,72408300090024,72408300094
02RG006,QC,48.375560760497900,-71.979438781738200,72408300180024,72408300184
02RG005,QC,48.375000000000000,-71.993606567382700,72408300190071,72408300191
02RF001,QC,48.686389923095700,-72.488059997558500,72408400050091,72408400051
02RF002,QC,49.276390075683600,-73.356666564941400,72408400180471,72408400181
02RF006,QC,49.256671905517500,-73.708328247070200,72408400430351,72408400431
02RD002,QC,48.899440765380900,-72.211669921875000,72408600060031,72408600061
02RD007,QC,48.942501068115100,-72.172599792480400,72408600080101,72408600081
02RD003,QC,48.887779235839800,-72.263610839843800,72408600470024,72408600474
02RE002,QC,49.168891906738300,-72.568893432617200,72408600590291,72408600591
02RE001,QC,49.318889617919900,-72.638061523437500,72408600610131,72408600611
02RE004,QC,49.000560760497900,-72.504722595214800,72408600710111,72408600711
02RE003,QC,49.102500915527300,-72.732498168945200,72408600720451,72408600721
02RC002,QC,48.754169464111200,-71.839996337890500,72408700050014,72408700054
02RC007,QC,48.780830383300800,-71.697502136230400,72408700110014,72408700114
02RC003,QC,49.900001525878800,-71.254173278808500,72408900080064,72408900084
02RA001,QC,50.721668243408200,-71.044998168945200,72408900520111,72408900521
02RC010,QC,49.607498168945200,-71.299438476562500,72408900670201,72408900671
02PD002,QC,46.894168853759800,-71.151390075683500,72409000090024,72409000094
02PD001,QC,46.985000610351500,-71.197219848632700,72409000110211,72409000111
02PE003,QC,47.056671142578000,-70.887222290039100,72409000160161,72409000161
02PE001,QC,47.123611450195200,-70.818328857421900,72409000190014,72409000194
02PE009,QC,47.447498321533200,-70.510559082031100,72409000280045,72409000285
02PF001,QC,47.694171905517500,-70.216941833496000,72409000320441,72409000321
02PD003,QC,46.806671142578000,-71.203056335449200,72510000010305,72510000015
02PL007,QC,46.194721221923800,-72.283889770507700,72510000180471,72510000181
02PL016,QC,46.199001312255900,-72.098197937011700,72510000200311,72510000201
02PL001,QC,46.368888854980400,-71.622497558593800,72510000250231,72510000251
02PL005,QC,46.306110382080000,-71.451393127441400,72510000260811,72510000261
02PA003,QC,46.548610687255900,-72.410278320312500,72510000330191,72510000331
02PA007,QC,46.583610534667900,-72.404716491699200,72510000330491,72510000331
02PA001,QC,46.610279083252000,-72.383331298828000,72510000330681,72510000331
02PA006,QC,47.040279388427600,-72.279441833496000,72510000370681,72510000371
02PJ005,QC,46.587779998779200,-71.216392517089800,72510000450311,72510000451
02PJ004,QC,46.503890991210900,-71.073608398437500,72510000470011,72510000471
02PJ023,QC,46.463611602783200,-71.058609008789100,72510000470251,72510000471
02PJ006,QC,46.435829162597600,-71.021667480468800,72510000470471,72510000471
02PJ036,QC,46.383060455322300,-70.958328247070200,72510000470861,72510000471
02PJ022,QC,46.373889923095700,-70.928611755371000,72510000480021,72510000481
02PJ003,QC,46.307781219482400,-70.885559082031100,72510000480471,72510000481
02PJ020,QC,46.246940612792900,-70.817222595214800,72510000490121,72510000491
02PJ021,QC,46.210559844970700,-70.775283813476600,72510000490411,72510000491
02PJ018,QC,46.201110839843800,-70.745002746582000,72510000500011,72510000501
02PJ039,QC,46.119438171386600,-70.696388244628900,72510000500521,72510000501
02PJ017,QC,46.118061065673800,-70.673057556152300,72510000510091,72510000511
02PJ014,QC,46.097778320312400,-70.656112670898300,72510000510231,72510000511
02PJ041,QC,46.095829010009800,-70.650833129882700,72510000520034,72510000524
02PJ042,QC,45.948501586914000,-70.655998229980400,72510000540181,72510000541
02PJ033,QC,45.900279998779200,-70.629440307617200,72510000540481,72510000541
02PJ013,QC,45.707500457763700,-70.763061523437500,72510000560261,72510000561
02PJ002,QC,45.691669464111200,-70.785827636718800,72510000560441,72510000561
02PJ011,QC,45.573890686035100,-70.880561828613200,72510000590014,72510000594
02PJ001,QC,45.573608398437500,-70.885002136230400,72510000600023,72510000603
02PB037,QC,46.626388549804700,-72.199996948242200,72510000630531,72510000631
02PB034,QC,46.665279388427600,-72.126937866210800,72510000640201,72510000641
02PB001,QC,46.676940917968800,-72.096389770507700,72510000640361,72510000641
02PB002,QC,46.706939697265500,-72.083328247070200,72510000650031,72510000651
02PB019,QC,46.852779388427600,-71.877502441406100,72510000690014,72510000694
02PB020,QC,46.861671447753800,-71.871673583984400,72510000700064,72510000704
02PB008,QC,46.886669158935400,-71.856391906738200,72510000710161,72510000711
02PB003,QC,46.889438629150300,-71.836936950683500,72510000720081,72510000721
02PB005,QC,46.910831451416000,-71.826942443847600,72510000740101,72510000741
02PB007,QC,46.947780609130900,-71.799171447753900,72510000740341,72510000741
02PB024,QC,46.997501373291000,-71.743331909179700,72510000750211,72510000751
02PB004,QC,46.916110992431500,-71.858612060546900,72510000770201,72510000771
02PC012,QC,46.855560302734400,-71.621391296386700,72510000910461,72510000911
02PC002,QC,46.889720916747900,-71.527221679687500,72510000920501,72510000921
02PJ028,QC,46.058609008789000,-70.527778625488200,72510001020611,72510001021
02PJ029,QC,46.058330535888700,-70.526672363281100,72510001020621,72510001021
02PJ027,QC,45.946670532226500,-70.459716796875000,72510001030541,72510001031
02PJ030,QC,46.164169311523400,-70.639717102050700,72510001050311,72510001051
02PJ031,QC,46.201671600341700,-70.893890380859400,72510001080531,72510001081
02PH009,QC,46.728889465332000,-71.136940002441400,72510001110551,72510001111
02PH011,QC,46.691108703613300,-71.068893432617200,72510001120351,72510001121
02PH004,QC,46.635559082031200,-71.044723510742200,72510001150024,72510001154
02PJ007,QC,46.659168243408200,-71.288612365722600,72510001230281,72510001231
02NG005,QC,46.449440002441300,-72.739997863769500,72520100030024,72520100034
02NG001,QC,46.615829467773400,-72.679443359375000,72520100080014,72520100084
02NG004,QC,46.893608093261600,-72.930000305175700,72520300010101,72520300011
02NE002,QC,47.444171905517500,-72.797500610351600,72520300080024,72520300084
02NE003,QC,47.612499237060400,-72.914169311523300,72520300120451,72520300121
02ND001,QC,47.655559539794900,-72.962783813476600,72520400010121,72520400011
02ND002,QC,47.671939849853500,-73.001106262207000,72520400010321,72520400011
02ND003,QC,47.676391601562400,-73.042778015136700,72520400020011,72520400021
02NC003,QC,47.753890991210900,-72.879173278808500,72520500020024,72520500024
02NC002,QC,47.796390533447300,-72.968330383300700,72520700010493,72520700013
02NC001,QC,47.896938323974600,-73.776107788085800,72520700130293,72520700133
02NB001,QC,47.758609771728500,-73.893608093261700,72520800020581,72520800021
02NB006,QC,47.634441375732400,-74.000000000000000,72520800060181,72520800061
02NB002,QC,47.632221221923800,-74.003326416015500,72520800060201,72520800061
02NA001,QC,48.336109161377000,-74.058609008789100,72520900050581,72520900051
02OF014,QC,45.914718627929700,-72.491386413574200,72530400040471,72530400041
02OF030,QC,45.896671295166000,-72.505561828613200,72530400040561,72530400041
02OF019,QC,45.887218475341700,-72.483329772949200,72530400040661,72530400041
02OF002,QC,45.861671447753800,-72.453056335449200,72530400040871,72530400041
02OF001,QC,45.658889770507700,-72.143608093261700,72530400080641,72530400081
02OF004,QC,45.563888549804700,-72.006393432617200,72530400090471,72530400091
02OF010,QC,45.478061676025300,-71.953056335449200,72530400110024,72530400114
02OF009,QC,45.474998474121100,-71.938331604003900,72530400120061,72530400121
02OE005,QC,45.403060913085900,-71.887222290039100,72530400130021,72530400131
02OE043,QC,45.366668701171900,-71.850830078125000,72530400130291,72530400131
02OE004,QC,45.446388244628800,-71.766387939453000,72530400140191,72530400141
02OE013,QC,45.467498779296900,-71.654998779296900,72530400160071,72530400161
02OE007,QC,45.499439239502000,-71.617782592773300,72530400180011,72530400181
02OE003,QC,45.580558776855400,-71.564720153808500,72530400190111,72530400191
02OE062,QC,45.658611297607400,-71.468612670898300,72530400200471,72530400201
02OE017,QC,45.661941528320200,-71.463890075683500,72530400210014,72530400214
02OE066,QC,45.737499237060400,-71.421669006347600,72530400240133,72530400243
02OE071,QC,45.748889923095700,-71.410827636718800,72530400250011,72530400251
02OE074,QC,45.752899169921900,-71.410003662109400,72530400250021,72530400251
02OE025,QC,45.760280609130900,-71.406387329101600,72530400260014,72530400264
02OE001,QC,45.940830230712800,-71.281112670898300,72530400280461,72530400281
02OE024,QC,45.944999694824100,-71.278327941894500,72530400290014,72530400294
02OE016,QC,45.621669769287100,-71.393333435058500,72530400350651,72530400351
02OE032,QC,45.580558776855400,-71.386672973632700,72530400360021,72530400361
02OE006,QC,45.405559539794900,-71.894172668457000,72530400390024,72530400394
02OE059,QC,45.342498779296900,-71.993606567382700,72530400460014,72530400464
02OG020,QC,45.677780151367200,-72.913063049316400,72530400550451,72530400551
02OG047,QC,45.621940612792900,-72.936111450195200,72530400560281,72530400561
02OG010,QC,45.621669769287100,-72.939437866210800,72530400560291,72530400561
02OG043,QC,45.621109008789000,-72.945556640624900,72530400560321,72530400561
02OG005,QC,45.621391296386600,-72.950828552246000,72530400560341,72530400561
02OJ032,QC,46.049999237060400,-73.120002746582000,72530600010033,72530600013
02OJ022,QC,46.046939849853500,-73.116111755371000,72530600010053,72530600013
02OJ003,QC,45.864440917968800,-73.146392822265500,72530600030351,72530600031
02OJ031,QC,45.569999694824100,-73.199996948242200,72530600050101,72530600051
02OJ007,QC,45.398471832275300,-73.258438110351600,72530600080293,72530600083
02OJ012,QC,45.394718170166000,-73.256111145019500,72530600080303,72530600083
02OJ001,QC,45.313331604003800,-73.251670837402300,72530600100223,72530600103
02OJ016,QC,45.302310943603500,-73.250122070312500,72530600100293,72530600103
02OJ036,QC,45.077201843261600,-73.325599670410100,72530600130343,72530600133
02OJ006,QC,45.064998626708900,-73.320556640624900,72530600130393,72530600133
02OJ027,QC,45.996109008789000,-73.174438476562500,72530700020121,72530700021
02OB011,QC,45.959411621093800,-73.214591979980400,72530700020391,72530700021
02OA096,QC,45.707778930664000,-73.458892822265500,72530800010021,72530800011
02OA076,QC,45.680828094482400,-73.548057556152300,72530800030151,72530800031
02OA020,QC,45.652500152587800,-73.600830078124900,72530800030411,72530800031
02OA075,QC,45.611938476562400,-73.641670227050700,72530800030681,72530800031
02OA072,QC,45.589439392089800,-73.657783508300700,72530800040113,72530800043
02OA006,QC,45.556938171386600,-73.676109313964800,72530800040303,72530800043
02OA002,QC,45.533889770507700,-73.730003356933500,72530800050013,72530800053
02OA036,QC,45.508888244628800,-73.793609619140500,72530800050323,72530800053
02OA019,QC,45.515560150146400,-73.813606262207000,72530800050403,72530800053
02OA018,QC,45.519718170166000,-73.834716796875000,72530800050493,72530800053
02OA004,QC,45.518329620361200,-73.842498779296800,72530800050523,72530800053
02OA069,QC,45.479721069335900,-73.874443054199200,72530800080223,72530800083
02OB004,QC,45.717498779296900,-73.483886718750000,72530800100061,72530800101
02OB006,QC,45.825279235839800,-73.423057556152300,72530800110321,72530800111
02OB039,QC,45.838058471679700,-73.414436340332000,72530800110411,72530800111
02OA088,QC,45.693061828613300,-73.649436950683500,72530800140531,72530800141
02OA003,QC,45.662940979003800,-73.752159118652300,72530800150371,72530800151
02OA102,QC,45.540561676025300,-73.886672973632700,72530800160841,72530800161
02OA015,QC,45.540828704833900,-73.881393432617200,72530800160851,72530800161
02OA035,QC,45.541671752929700,-73.873062133789100,72530800160871,72530800161
02OA065,QC,45.533329010009800,-73.882781982421900,72530800170013,72530800173
02OA047,QC,45.528610229492200,-73.542778015136700,72530900020531,72530900021
02OA016,QC,45.415008544921900,-73.623161315917900,72530900050193,72530900053
02OA017,QC,45.420280456542900,-73.651939392089800,72530900050323,72530900053
02OA040,QC,45.431110382080000,-73.671112060546800,72530900050403,72530900053
02OA012,QC,45.361671447753800,-73.748062133789100,72530900080261,72530900081
02OA054,QC,45.331939697265500,-73.761940002441400,72530900080491,72530900081
02OA001,QC,45.286109924316300,-73.802780151367200,72530900090211,72530900091
02OA034,QC,45.253330230712800,-73.800277709960800,72530900090421,72530900091
02LB035,QC,45.530941009521400,-74.351310729980400,72541000060093,72541000063
02LB025,QC,45.568061828613300,-74.379722595214800,72541000060323,72541000063
02LB026,QC,45.569438934326200,-74.383331298828000,72541000060343,72541000063
02LB024,QC,45.569999694824100,-74.392776489257700,72541000060373,72541000063
02LB010,ON,45.521389007568400,-75.412498474121000,72541000150323,72541000153
02LC029,QC,45.736389160156200,-74.689720153808500,72541000170661,72541000171
02LC002,QC,45.773330688476500,-74.683891296386700,72541000170881,72541000171
02LC028,QC,45.970001220703000,-74.634719848632700,72541000190551,72541000191
02LC004,QC,46.280830383300800,-74.735832214355400,72541000220701,72541000221
02LC007,QC,46.353889465332000,-74.779441833496000,72541000230371,72541000231
02LB005,ON,45.517059326171900,-74.978218078613200,72541000280151,72541000281
02LB029,ON,45.455829620361200,-74.942222595214800,72541000280831,72541000281
02LB030,ON,45.426391601562400,-75.050559997558500,72541000290521,72541000291
02LB015,ON,45.395000457763700,-75.065559387207000,72541000290761,72541000291
02LB014,ON,45.321670532226500,-75.092781066894500,72541000300731,72541000301
02LB013,ON,45.317081451416000,-75.091438293457000,72541000300751,72541000301
02LC022,QC,45.566108703613300,-74.335830688476600,72541000330301,72541000331
02OA033,QC,45.402248382568400,-73.947921752929700,72541000350553,72541000353
02OA013,QC,45.404651641845700,-73.956642150878900,72541000350593,72541000353
02LH030,QC,45.499168395996100,-75.764167785644500,72544000020023,72544000023
02LH006,QC,45.645278930664000,-75.919441223144500,72544000050451,72544000051
02LH009,QC,45.809440612792900,-75.931938171386700,72544000070014,72544000074
02LH007,QC,46.211391448974600,-75.940277099609400,72544000150691,72544000151
02LH008,QC,46.336940765380900,-75.946937561035100,72544000160841,72544000161
02LH001,QC,46.382778167724600,-75.966110229492200,72544000170221,72544000171
02LG006,QC,46.711391448974600,-75.982498168945200,72544000250054,72544000254
02LG007,QC,46.717781066894500,-75.984169006347600,72544000260024,72544000264
02LG005,QC,47.083610534667900,-75.753608703613200,72544000340683,72544000343
02LA015,QC,45.431419372558600,-75.706169128417900,72545000020083,72545000023
02LA003,ON,45.426391601562400,-75.698333740234400,72545000020103,72545000023
02LA028,ON,45.421028137207000,-75.718109130859400,72545000030024,72545000034
02LA019,QC,45.420829772949100,-75.724998474121000,72545000040023,72545000043
02KF004,QC,45.516670227050800,-76.230560302734400,72545000080343,72545000083
02KF009,ON,45.474998474121100,-76.239166259765500,72545000080533,72545000083
02KF002,ON,45.416671752929700,-76.250000000000000,72545000150041,72545000151
02KF006,ON,45.176330566406200,-76.123466491699200,72545000210041,72545000211
02KF001,ON,45.053279876708900,-76.286079406738200,72545000250151,72545000251
02KF019,ON,44.971939086914000,-76.538749694824200,72545000300023,72545000303
02LA027,ON,45.439918518066300,-75.692939758300700,72545000330011,72545000331
02LA013,ON,45.387779235839800,-75.674438476562500,72545000330391,72545000331
02LA004,ON,45.381500244140500,-75.696968078613200,72545000330491,72545000331
02LA012,ON,45.248989105224600,-75.704132080078000,72545000340531,72545000341
02LA010,ON,45.046390533447300,-75.688888549804700,72545000360481,72545000361
02LA011,ON,44.949951171875000,-75.819122314453100,72545000440014,72545000444
02LA018,ON,44.917781829833900,-75.838607788085800,72545000470024,72545000474
02LA009,ON,44.892780303955000,-76.056106567382700,72545000590024,72545000594
02LA005,ON,44.890560150146400,-76.062500000000000,72545000600014,72545000604
02LA014,ON,44.848331451416000,-76.141113281250000,72545000620033,72545000623
02KC012,ON,45.444438934326200,-76.352783203124900,72546000010063,72546000013
02KE004,ON,45.405559539794900,-76.393608093261700,72546000030283,72546000033
02KE002,ON,45.406391143798800,-76.444442749023300,72546000030463,72546000033
02KE005,ON,45.406940460205000,-76.507781982421900,72546000050024,72546000054
02KE003,ON,45.304168701171900,-76.708328247070200,72546000070143,72546000073
02KD004,ON,45.328079223632700,-77.515502929687500,72546000200711,72546000201
02KD007,ON,45.416389465332000,-77.788063049316400,72546000290014,72546000294
02KC011,QC,45.610279083252000,-76.670829772949200,72547100060163,72547100063
02KC017,QC,45.661109924316300,-76.630561828613200,72547100100363,72547100103
02KC005,ON,45.895000457763700,-76.911666870117200,72547300010461,72547300011
02KC013,ON,45.829170227050800,-77.117218017578000,72547500060323,72547500063
02KB001,ON,45.886581420898400,-77.312881469726600,72547600020341,72547600021
02KA002,ON,46.183330535888700,-77.697776794433500,72547700070014,72547700074
02JE012,ON,46.377780914306500,-78.723327636718800,72547700180343,72547700183
02JE003,ON,46.666671752929700,-79.083328247070200,72547700200893,72547700203
02JE032,ON,46.700141906738300,-79.098587036132700,72547700210183,72547700213
02JE024,ON,46.707641601562400,-79.101417541503900,72547700210233,72547700213
02JE025,QC,46.718441009521400,-79.105026245117200,72547700210293,72547700213
02JE033,ON,46.852558135986200,-79.238220214843800,72547700230103,72547700233
02JE013,ON,46.320419311523400,-78.710777282714800,72547700240033,72547700243
02JE014,ON,46.301231384277300,-78.878601074218800,72547700260031,72547700261
02JE020,ON,46.298889160156200,-78.907218933105400,72547700260151,72547700261
02KJ004,QC,46.345829010009800,-77.815559387207000,72547700310081,72547700311
02JB021,QC,47.599998474121100,-79.454170227050700,72549300020161,72549300021
02JB001,QC,47.591388702392500,-79.297782897949200,72549300040661,72549300041
02JB008,QC,47.591388702392500,-79.294998168945200,72549300040671,72549300041
02JB017,QC,47.552608489990100,-79.235473632812500,72549300070013,72549300073
02JB011,QC,47.570190429687500,-79.174530029296800,72549500010083,72549500013
02JB013,QC,48.366668701171900,-78.853332519531100,72549600090081,72549600091
02JB002,QC,47.928890228271400,-78.636940002441400,72549700010101,72549700011
02JB006,QC,47.933330535888700,-78.577217102050700,72549700020113,72549700023
02JB005,QC,47.768329620361200,-78.310562133789100,72549700050951,72549700051
02JB009,QC,47.842498779296900,-77.548889160156100,72549700270651,72549700271
02MC020,QC,45.320278167724600,-73.916107177734400,72551000020103,72551000023
02MC010,QC,45.299999237060400,-73.908332824707000,72551000040053,72551000043
02MC019,QC,45.299720764160100,-73.930557250976600,72551000040123,72551000043
02MC002,ON,45.005828857421900,-74.795280456542900,72551000160014,72551000164
02MB005,ON,44.840560913085900,-75.309722900390500,72551000240303,72551000243
02MB008,ON,44.822311401367200,-75.320922851562500,72551000270093,72551000273
02MB007,ON,44.586891174316300,-75.681999206542900,72551000320453,72551000323
02MC018,QC,45.308330535888700,-74.069442749023300,72551001890133,72551001893
02MC017,QC,45.296390533447300,-74.166671752929700,72551001890543,72551001893
02MC021,QC,45.272499084472600,-74.181671142578000,72551001890683,72551001893
02HM008,ON,44.217498779296900,-76.517501831054700,72552000030343,72552000033
02HK010,ON,44.123771667480400,-77.591812133789100,72552000110024,72552000114
02HK014,ON,44.173889160156200,-77.589172363281100,72552000170033,72552000173
02HK012,ON,44.269439697265500,-77.582778930664100,72552000220423,72552000223
02HK019,ON,44.266918182372900,-77.593856811523300,72552000230014,72552000234
02HK018,ON,44.265171051025300,-77.598922729492200,72552000240013,72552000243
02HK004,ON,44.263889312744000,-77.602783203124900,72552000240033,72552000243
02HK002,ON,44.370559692382700,-77.778327941894500,72552000440014,72552000444
02HK902,ON,44.371971130371100,-77.777420043945200,72552000440024,72552000444
02HJ010,ON,44.258609771728500,-78.334442138671900,72552000540351,72552000541
02HJ001,ON,44.302780151367200,-78.321388244628900,72552000580021,72552000581
02HJ002,ON,44.422248840332000,-78.275749206542900,72552000690023,72552000693
02HK003,ON,44.481571197509800,-77.684799194335800,72552000780251,72552000781
02HL001,ON,44.253730773925800,-77.418830871582000,72552000960011,72552000961
02HL104,ON,44.407501220703000,-77.309722900390500,72552001010351,72552001011
02HA025,ON,42.995281219482400,-79.252502441406100,72555400010461,72555400011
02HA028,ON,43.005001068115100,-79.482498168945200,72555400030391,72555400031
02HA003,ON,43.156940460205000,-79.047218322753900,72555500040211,72555500041
02HA013,ON,42.930278778076200,-78.914169311523300,72555500080171,72555500081
02HA008,ON,42.911689758300800,-78.908752441406100,72555500090043,72555500093
02GB002,ON,43.022220611572300,-79.892219543457000,72555600050311,72555600051
02GB004,ON,43.110000610351500,-80.134719848632700,72555600080281,72555600081
02GB001,ON,43.132720947265500,-80.267311096191400,72555600110261,72555600111
02GB003,ON,43.148609161377000,-80.355560302734400,72555600130341,72555600131
02GA004,ON,43.276668548583900,-80.347221374511700,72555600160011,72555600161
02GA003,ON,43.353111267089800,-80.315750122070200,72555600160521,72555600161
02GA009,ON,43.360279083252000,-80.310279846191400,72555600160561,72555600161
02GA048,ON,43.412811279296900,-80.417030334472600,72555600190024,72555600194
02GA002,ON,43.541110992431500,-80.494438171386700,72555600230041,72555600231
02GA034,ON,43.585029602050800,-80.481468200683500,72555600240011,72555600241
02GA016,ON,43.730941772460900,-80.340942382812500,72555600300181,72555600301
02GA001,ON,43.790279388427600,-80.316673278808500,72555600320343,72555600323
02GA013,ON,43.524440765380900,-80.515281677246000,72555600340181,72555600341
02GA006,ON,43.541110992431500,-80.553329467773300,72555600340411,72555600341
02GH015,MI,42.298061370849600,-83.092781066894500,72557300040541,72557300041
02GE004,ON,42.414279937744000,-82.179443359375000,72557400060011,72557400061
02GE003,ON,42.544860839843800,-81.967269897460800,72557400080251,72557400081
02GE006,ON,42.730690002441300,-81.577468872070200,72557400130231,72557400131
02GE001,ON,42.963890075683600,-81.389442443847600,72557400180411,72557400181
02GE002,ON,42.962501525878800,-81.331779479980400,72557400190241,72557400191
02GD007,ON,43.007221221923800,-81.268333435058500,72557400200191,72557400201
02GD028,ON,43.021999359130900,-81.253440856933500,72557400200341,72557400201
02GD003,ON,43.040779113769500,-81.182830810546800,72557400210014,72557400214
02GD015,ON,43.149311065673800,-81.192138671875000,72557400240061,72557400241
02GD005,ON,43.255748748779200,-81.145622253417900,72557400250471,72557400251
02GD001,ON,42.973560333252000,-81.208580017089800,72557400290171,72557400291
02GG008,ON,42.592891693115100,-82.383331298828000,72557600040511,72557600041
02GG011,ON,42.657279968261600,-82.507080078124900,72557700050111,72557700051
02GG014,MI,42.986938476562400,-82.424720764160100,72557700070881,72557700071
02GG010,ON,42.991279602050800,-82.421501159667900,72557700070901,72557700071
02FE012,ON,43.745391845703000,-81.727813720703100,72557800010923,72557800013
02FE001,ON,43.718059539794900,-81.626388549804700,72557800040031,72557800041
02FE004,ON,43.825000762939500,-81.490562438964800,72557800070111,72557800071
02FE002,ON,43.886749267578000,-81.326438903808500,72557800090301,72557800091
02CE002,ON,46.214939117431500,-82.070808410644500,72570600090411,72570600091
02CE003,ON,46.263889312744000,-81.873611450195200,72570600100511,72570600101
02CE001,ON,46.268058776855400,-81.772216796875000,72570600100951,72570600101
02CF004,ON,46.315280914306500,-81.521667480468800,72570600150543,72570600153
02CF002,ON,46.333328247070200,-81.349998474121000,72570600190231,72570600191
02CF001,ON,46.394439697265500,-81.281936645507700,72570600210421,72570600211
02CC008,ON,46.201358795166000,-83.025390625000000,72570600270024,72570600274
02CC004,ON,46.244438171386600,-83.155563354492200,72570600280621,72570600281
02CC003,ON,46.254169464111200,-83.184722900390500,72570600280751,72570600281
02CC002,ON,46.279170989990100,-83.223609924316400,72570600290251,72570600291
02CC009,ON,46.315830230712800,-83.290832519531100,72570600300024,72570600304
02CC006,ON,46.413890838622900,-83.393058776855400,72570600320661,72570600321
02CC007,ON,46.435279846191300,-83.384719848632700,72570600330024,72570600334
02CA008,ON,46.498329162597600,-84.315277099609400,72591100070113,72591100073
02CA005,ON,46.511280059814500,-84.343223571777300,72591100070233,72591100073
02CA001,ON,46.509441375732400,-84.361671447753900,72591100080024,72591100084
02BF011,ON,46.512470245361200,-84.367332458496000,72591100090023,72591100093
02BF014,ON,46.717388153076200,-84.284782409667900,72591100310481,72591100311
02BD003,ON,47.938888549804700,-84.830558776855400,72591400030061,72591400031
02BD002,ON,47.910831451416000,-84.743331909179700,72591400040261,72591400041
02BB003,ON,48.774078369140500,-86.296607971191400,72592000040191,72592000041
02BC008,ON,48.587829589843800,-85.891281127929700,72592000180091,72592000181
02BC004,ON,48.654800415039000,-85.741531372070200,72592000200471,72592000201
02BC002,ON,48.666671752929700,-85.699996948242200,72592000210071,72592000211
02BC007,ON,48.692890167236200,-85.642143249511700,72592000240163,72592000243
02BC003,ON,48.700000762939500,-85.633331298828000,72592000240233,72592000243
04JD003,ON,49.067779541015500,-87.069168090820200,72596200120081,72596200121
04JD001,ON,49.769439697265500,-86.551391601562500,72596200280823,72596200283
02AD012,ON,49.122699737548800,-88.357872009277300,72596300160481,72596300161
02AD008,ON,49.307781219482400,-88.311111450195200,72596300220014,72596300224
02AD006,ON,49.416671752929700,-88.216667175292900,72596300240203,72596300243
02AD009,ON,50.637500762939500,-88.208328247070200,72596600090653,72596600093
02AB025,ON,48.347030639648400,-89.358200073242200,72598000080251,72598000081
02AB026,ON,48.346111297607400,-89.386192321777300,72598000080441,72598000081
02AB007,ON,48.368061065673800,-89.565277099609400,72598000100251,72598000101
02AB010,ON,48.415561676025300,-89.630828857421900,72598000110181,72598000111
02AB003,ON,48.491668701171900,-89.599998474121000,72598000120251,72598000121
02AB006,ON,48.532310485839800,-89.595001220703100,72598000120491,72598000121
02AB001,ON,48.555561065673800,-89.588607788085800,72598000130121,72598000131
02AB004,ON,48.708328247070200,-89.633331298828000,72598000210113,72598000213
02AB002,ON,48.545829772949100,-89.623611450195200,72598000330121,72598000331
02AB009,ON,48.555561065673800,-89.681938171386700,72598000330351,72598000331
01FB001,NS,46.368968963622900,-60.975280761718800,72600000050221,72600000051
02PH001,QC,46.827781677246100,-70.758056640625000,72601200020611,72601200021
02PH010,QC,46.820560455322300,-70.756942749023300,72601200040014,72601200044
01BH002,QC,48.834171295166000,-64.625000000000000,72601700020371,72601700021
01BH009,QC,48.831668853759800,-64.684997558593800,72601700020621,72601700021
01BH010,QC,48.806671142578000,-64.921112060546900,72601700040391,72601700041
01BH011,QC,48.798328399658200,-64.947776794433500,72601700040511,72601700041
01BH012,QC,48.768890380859400,-64.514999389648300,72601700090331,72601700091
01BH008,QC,48.771671295166000,-64.521392822265500,72601700090361,72601700091
02QC001,QC,49.202781677246100,-65.295562744140500,72601700150391,72601700151
02QC002,QC,49.194171905517500,-65.298606872558500,72601700150451,72601700151
01BG002,QC,48.099998474121100,-65.461669921875000,72601800020443,72601800023
01BG009,QC,48.186111450195200,-65.558609008789100,72601800040091,72601800041
01BG004,QC,48.317779541015500,-65.972503662109400,72602000030331,72602000031
01BJ007,NB,47.908668518066300,-66.948059082031100,72604000030431,72604000031
01BC001,NB,47.667079925537100,-67.483078002929700,72604000100531,72604000101
01BA001,NB,47.656391143798800,-67.494171142578000,72604000160041,72604000161
01BE001,NB,47.832469940185400,-66.887077331542900,72604000220541,72604000221
01BD001,QC,48.084438323974600,-67.098609924316400,72604000320151,72604000321
01BK004,NB,47.494438171386600,-65.680557250976600,72605000070471,72605000071
01BK003,NB,47.406669616699100,-65.794998168945200,72605000090024,72605000094
01BK001,NB,47.388889312744000,-65.827217102050700,72605000100171,72605000101
01BK002,NB,47.361938476562400,-65.845001220703000,72605000100351,72605000101
01BO001,NB,46.736000061035100,-65.825607299804700,72606000060505,72606000065
01BP001,NB,46.935970306396400,-65.907386779785100,72606000280485,72606000285
01ED003,NS,44.066669464111200,-64.764999389648300,72607200010071,72607200011
01ED002,NS,44.090000152587800,-64.845832824707000,72607200070063,72607200073
01ED001,NS,44.161388397216700,-65.008613586425700,72607200150053,72607200153
01ED005,NS,44.333141326904200,-65.205078125000000,72607200210071,72607200211
01AO012,NB,45.768669128417900,-66.140357971191400,72608100070443,72608100073
01AO004,NB,45.828918457031200,-66.115417480468800,72608200010323,72608200013
01AN002,NB,46.290721893310400,-65.722747802734400,72608200110061,72608200111
01AN001,NB,46.298328399658200,-65.711936950683500,72608200110121,72608200111
01AO010,NB,45.908828735351500,-66.256439208984400,72608200170013,72608200173
01AO011,NB,45.847251892089800,-66.234863281250000,72608300020053,72608300023
01AO002,NB,45.866470336914000,-66.453170776367200,72608300030453,72608300033
01AK003,NB,45.966190338134800,-66.651611328125000,72608300050153,72608300053
01AK004,NB,45.962219238281200,-66.830833435058500,72608300060373,72608300063
01AK009,NB,45.956668853759800,-66.864723205566400,72608300060513,72608300063
01AK002,NB,45.966670989990100,-67.241668701171900,72608300120493,72608300123
01AJ002,NB,46.156391143798800,-67.573608398437500,72608300160071,72608300161
01AJ008,NB,46.298328399658200,-67.529167175292900,72608300170431,72608300171
01AJ005,NB,46.306110382080000,-67.532501220703000,72608300170481,72608300171
01AJ009,NB,46.337501525878800,-67.555282592773300,72608300180121,72608300181
01AJ001,NB,46.470001220703000,-67.589721679687500,72608300190461,72608300191
01AJ012,NB,46.540000915527300,-67.671112060546900,72608300210024,72608300214
01AJ003,NB,46.216220855712800,-67.727943420410100,72608300240851,72608300241
01AL001,NB,46.009170532226500,-66.583061218261700,72608300270501,72608300271
01AL002,NB,46.125919342041000,-66.611312866210800,72608300300051,72608300301
01AL008,NB,46.283058166503800,-66.737503051757700,72608300320121,72608300321
01AO001,NB,45.855560302734400,-66.472221374511700,72608300440031,72608300441
01AH004,NB,46.791671752929700,-67.683326721191400,72608400030091,72608400031
01AH001,NB,46.796669006347600,-67.481391906738200,72608400040401,72608400041
01AH003,NB,46.904998779296900,-67.394996643066400,72608400050381,72608400051
01AH002,NB,47.173030853271400,-67.210807800292900,72608400090231,72608400091
01AH005,NB,47.250831604003800,-67.142219543457000,72608400100321,72608400101
01AG002,NB,46.828330993652300,-67.743057250976600,72608600010141,72608600011
01AG003,NB,46.816360473632700,-67.751968383789100,72608600010191,72608600011
01AF002,NB,47.038890838622900,-67.739723205566400,72608700020881,72608700021
01AF008,NB,47.051391601562400,-67.738609313964800,72608700030014,72608700034
01AD004,NB,47.360778808593800,-68.324890136718800,72608700080011,72608700081
01AD002,ME,47.258060455322300,-68.595832824707000,72608700090781,72608700091
01AE001,ME,47.237499237060400,-68.582778930664100,72608700140181,72608700141
01AD003,NB,47.206581115722600,-68.955551147460800,72608700280341,72608700281
01AD015,QC,47.538501739502000,-68.591796875000000,72608700420171,72608700421
01AD001,QC,47.548328399658200,-68.636390686035100,72608700420371,72608700421
01AD005,QC,47.570560455322300,-68.643058776855400,72608700430014,72608700434
01AF003,NB,47.334999084472600,-68.135002136230400,72608700470281,72608700471
01AF010,NB,47.470558166503800,-68.235557556152300,72608700500014,72608700504
01AA002,QC,46.557498931884800,-70.081108093261700,72608900180521,72608900181
11AA031,MT,48.975181579589800,-110.422943115234000,74299400680751,74299400681
11AA035,AB,49.123611450195200,-110.870826721190000,74299400740291,74299400741
11AA007,AB,49.133331298828000,-111.033332824707000,74299400760131,74299400761
11AA036,AB,49.145561218261600,-111.305282592772000,74299400780301,74299400781
11AA034,AB,49.088329315185400,-111.534721374512000,74299400800031,74299400801
11AA006,AB,49.083328247070200,-111.650001525879000,74299400800641,74299400801
11AA038,AB,49.111038208007700,-111.758140563965000,74299400810531,74299400811
11AA005,AB,49.143600463867200,-112.081703186034000,74299400840481,74299400841
08NM072,WA,48.633331298828000,-119.463890075684000,78262000080191,78262000081
08NE058,WA,49.000831604003800,-117.628326416015000,78265000190061,78265000191
08NE119,BC,49.014720916747900,-117.367782592772000,78266100080091,78266100081
08NE010,WA,48.998889923095700,-117.352500915527000,78266100080211,78266100081
08NE003,BC,49.093891143798800,-117.697776794434000,78267000020361,78267000021
08NE061,BC,49.139171600341700,-117.743606567382000,78267000030231,78267000031
08NE049,BC,49.177841186523400,-117.717651367187000,78267000040011,78267000041
08NE089,BC,49.237499237060400,-117.672782897949000,78267000040381,78267000041
08NE043,BC,49.241390228271400,-117.664436340332000,78267000040431,78267000041
08NJ128,BC,49.325561523437500,-117.619438171387000,78268100020024,78268100024
08NJ150,BC,49.327781677246100,-117.593887329102000,78268100030103,78268100033
08NJ102,BC,49.347221374511600,-117.595832824707000,78268100030133,78268100033
08NJ030,BC,49.349720001220700,-117.589172363280000,78268100030163,78268100033
08NJ041,BC,49.361110687255900,-117.576393127440000,78268100030243,78268100033
08NJ040,BC,49.382778167724600,-117.558326721190000,78268100030413,78268100033
08NJ140,BC,49.405559539794900,-117.547218322754000,78268100030543,78268100033
08NJ001,BC,49.405559539794900,-117.537498474120000,78268100030563,78268100033
08NJ112,BC,49.438888549804700,-117.561111450194000,78268200010251,78268200011
08NJ013,BC,49.460079193115100,-117.564796447754000,78268200010361,78268200011
08NJ008,BC,49.451110839843800,-117.519996643065000,78268300010223,78268300013
08NJ066,BC,49.459999084472600,-117.512222290039000,78268300030011,78268300031
08NJ111,BC,49.456108093261600,-117.511672973632000,78268300030021,78268300031
08NJ007,BC,49.461109161377000,-117.488891601562000,78268300030101,78268300031
08NJ114,BC,49.468891143798800,-117.468063354492000,78268300040024,78268300044
08NJ113,BC,49.469440460205000,-117.467216491699000,78268300050011,78268300051
08NJ110,BC,49.483608245849600,-117.455558776854000,78268300050091,78268300051
08NJ109,BC,49.493328094482400,-117.388328552245000,78268300050371,78268300051
08NJ002,BC,49.493328094482400,-117.384719848632000,78268300050401,78268300051
08NJ092,BC,49.496391296386600,-117.374717712402000,78268300050441,78268300051
08NJ075,BC,49.498058319091700,-117.369438171387000,78268300050461,78268300051
08NJ074,BC,49.499168395996100,-117.360832214354000,78268300050501,78268300051
08NJ091,BC,49.496940612792900,-117.348327636719000,78268300050551,78268300051
08NJ073,BC,49.496391296386600,-117.344169616699000,78268300050571,78268300051
08NJ090,BC,49.493888854980400,-117.337501525879000,78268300050591,78268300051
08NJ099,BC,49.498611450195200,-117.333061218262000,78268300050601,78268300051
08NJ089,BC,49.493610382080000,-117.334167480469000,78268300050611,78268300051
08NJ118,BC,49.481670379638700,-117.309722900390000,78268300050691,78268300051
08NJ107,BC,49.514438629150300,-117.286941528320000,78268300050831,78268300051
08NJ009,BC,49.509170532226500,-117.279441833495000,78268300060013,78268300063
08NJ036,BC,49.517501831054700,-117.285827636719000,78268300060023,78268300063
08NJ060,BC,49.520000457763700,-117.280281066895000,78268300060033,78268300063
08NJ124,BC,49.523891448974600,-117.275001525879000,78268300060083,78268300063
08NJ076,BC,49.549720764160100,-117.255828857422000,78268300060253,78268300063
08NJ077,BC,49.564998626708900,-117.238609313965000,78268300060353,78268300063
08NJ078,BC,49.579441070556500,-117.216110229492000,78268300060473,78268300063
08NJ079,BC,49.596668243408200,-117.178329467772000,78268300070113,78268300073
08NJ119,BC,49.603328704833900,-117.171669006347000,78268300070153,78268300073
08NJ049,BC,49.606941223144500,-117.163063049315000,78268300070183,78268300073
08NJ085,BC,49.607780456542900,-117.141113281250000,78268300070253,78268300073
08NJ086,BC,49.610279083252000,-117.112220764160000,78268300070403,78268300073
08NJ171,BC,49.614719390869000,-117.104721069335000,78268300070413,78268300073
08NJ141,BC,49.612781524658200,-117.102218627930000,78268300070423,78268300073
08NJ087,BC,49.612499237060400,-117.057502746582000,78268300080073,78268300083
08NJ024,BC,49.599998474121100,-117.029167175292000,78268300080193,78268300083
08NJ022,BC,49.599998474121100,-117.019996643065000,78268300080213,78268300083
08NJ080,BC,49.616668701171900,-117.003890991210000,78268300080283,78268300083
08NJ125,BC,49.609439849853500,-116.998329162597000,78268300080303,78268300083
08NJ081,BC,49.619171142578000,-116.989997863770000,78268300080333,78268300083
08NJ082,BC,49.621669769287100,-116.979171752930000,78268300080383,78268300083
08NJ096,BC,49.621669769287100,-116.974716186522000,78268300080393,78268300083
08NH018,BC,49.621109008789000,-116.957778930664000,78268300080463,78268300083
08NJ044,BC,49.620830535888700,-116.947219848632000,78268300080503,78268300083
08NH053,BC,49.630001068115100,-116.944717407227000,78268300080513,78268300083
08NH118,BC,50.232860565185400,-116.955192565917000,78268400070471,78268400071
08NH127,BC,50.255409240722600,-116.948562622070000,78268400070611,78268400071
08NH126,BC,50.251388549804700,-116.947502136230000,78268400080014,78268400084
08NH108,BC,50.252780914306500,-116.940277099609000,78268400090033,78268400093
08NH001,BC,50.285831451416000,-116.945556640624000,78268400090223,78268400093
08NH110,BC,50.304168701171900,-116.938888549805000,78268400090333,78268400093
08NH060,BC,49.252780914306500,-116.678062438965000,78268500060011,78268500061
08NH098,BC,49.186939239502000,-116.627220153809000,78268500070081,78268500071
08NH094,BC,49.150279998779200,-116.598609924315000,78268500080041,78268500081
08NH095,BC,49.156108856201200,-116.588058471680000,78268500080081,78268500081
08NH129,BC,49.117221832275300,-116.577499389647000,78268500080311,78268500081
08NH028,BC,49.084999084472600,-116.579170227050000,78268500090121,78268500091
08NH069,BC,49.044998168945200,-116.512496948242000,78268500100201,78268500101
08NH021,ID,49.000000000000000,-116.502777099609000,78268500110081,78268500111
08NH031,ID,48.904998779296900,-116.401939392090000,78268500150051,78268500151
08NG039,MT,48.866668701171900,-115.233329772949000,78268500320953,78268500323
08NG079,BC,48.999721527099600,-115.169998168944000,78268500330783,78268500333
08NG042,BC,49.014438629150300,-115.174171447754000,78268500330913,78268500333
08NG005,BC,49.420280456542900,-115.419441223145000,78268700050101,78268700051
08NG065,BC,49.612030029296900,-115.635337829590000,78268700060861,78268700061
08NG053,BC,49.910560607910100,-115.735557556152000,78268900050161,78268900051
08NG022,BC,50.095829010009800,-115.790283203124000,78268900070161,78268900071
08NF002,BC,50.147781372070200,-115.799171447754000,78268900080041,78268900081
08NE098,BC,49.319171905517500,-117.651939392090000,78269100010021,78269100011
08NE002,BC,49.332218170166000,-117.675827026367000,78269100010181,78269100011
08NE062,BC,49.347221374511600,-117.731666564940000,78269100010401,78269100011
08NE067,BC,49.347221374511600,-117.748329162597000,78269100010461,78269100011
08NE105,BC,49.338890075683600,-117.764167785645000,78269100020043,78269100023
08NE103,BC,49.338329315185400,-117.770561218262000,78269100020063,78269100023
08NE085,BC,49.344440460205000,-117.870826721190000,78269100040373,78269100043
08NE046,BC,49.874168395996100,-118.093063354492000,78269100110313,78269100113
08NE102,BC,49.872051239013700,-118.081687927245000,78269100110333,78269100113
08NE005,BC,49.987781524658200,-117.898612976074000,78269100130293,78269100133
08NE034,BC,50.026390075683600,-117.901390075684000,78269100130493,78269100133
08ND006,BC,50.853061676025300,-118.106666564940000,78269100260103,78269100263
08ND002,BC,51.008060455322300,-118.219169616699000,78269100280091,78269100281
08ND004,BC,51.014438629150300,-118.237777709960000,78269100280181,78269100281
08ND011,BC,51.041938781738300,-118.213058471680000,78269100280411,78269100281
08ND025,BC,51.044441223144500,-118.197219848632000,78269100280471,78269100281
08ND026,BC,51.146610260009800,-118.200531005859000,78269100300043,78269100303
08ND015,BC,52.011390686035100,-118.567497253417000,78269100400533,78269100403
08ND007,BC,52.055278778076200,-118.584167480469000,78269100410011,78269100411
08ND017,BC,52.078060150146400,-118.561668395995000,78269100410171,78269100411
08NE068,BC,50.740001678466700,-117.732498168944000,78269100440024,78269100444
08NC002,BC,52.189170837402300,-118.453330993652000,78269200020303,78269200023
08NC001,BC,52.152221679687500,-118.404441833495000,78269200130143,78269200133
08NB011,BC,52.114719390869000,-118.424438476562000,78269300010123,78269300013
08NB017,BC,51.890670776367200,-117.912078857422000,78269300050533,78269300053
08NB006,BC,51.771389007568400,-117.686668395995000,78269300070493,78269300073
08NB005,BC,51.483299255371100,-117.180389404297000,78269500070721,78269500071
08NA006,BC,51.301181793212800,-116.972068786620000,78269600010081,78269600011
08NA015,BC,51.397499084472600,-116.476936340332000,78269600060711,78269600061
08NA007,BC,51.418331146240100,-116.440002441405000,78269600060881,78269600061
08NA008,BC,51.432781219482400,-116.398612976074000,78269600070121,78269600071
08NA053,BC,51.436939239502000,-116.374443054199000,78269600070211,78269600071
08NA002,BC,51.243560791015500,-116.912933349609000,78269700010551,78269700011
08NA061,BC,51.115558624267500,-116.714721679687000,78269700050151,78269700051
08NA025,BC,51.094718933105400,-116.680282592772000,78269700050341,78269700051
08NA038,BC,51.068889617919900,-116.634170532227000,78269700050551,78269700051
08NA047,BC,50.934719085693400,-116.384437561034000,78269700070551,78269700071
08NA052,BC,50.732780456542900,-116.194442749022000,78269900020701,78269900021
08MH053,BC,49.124210357666000,-123.076957702637000,78310900030105,78310900035
08MH151,BC,49.148059844970700,-123.045829772949000,78310900030295,78310900035
08MH126,BC,49.217800140380900,-122.824661254882000,78321000020403,78321000023
08MH044,BC,49.172298431396400,-122.475440979004000,78321000050243,78321000053
08MH099,BC,49.174999237060400,-122.455276489257000,78321000050313,78321000053
08MH024,BC,49.127738952636600,-122.302940368652000,78321000060483,78321000063
08MH071,BC,49.146110534667900,-122.246391296387000,78321000070203,78321000073
08MH075,BC,49.144439697265500,-122.233329772949000,78321000070243,78321000073
08MF038,BC,49.143978118896400,-122.070846557617000,78321000080121,78321000081
08MF064,BC,49.198890686035100,-121.951393127440000,78321000080671,78321000081
08MF073,BC,49.218059539794900,-121.947128295897000,78321000080711,78321000081
08MF075,BC,49.226440429687500,-121.906082153320000,78321000090051,78321000091
08MF035,BC,49.203689575195200,-121.775833129882000,78321000100071,78321000101
08MF074,BC,49.264999389648400,-121.681282043457000,78321000110041,78321000111
08MF034,BC,49.313060760497900,-121.625556945800000,78321000110491,78321000111
08MF076,BC,49.360641479492200,-121.569190979004000,78321000120301,78321000121
08MF005,BC,49.385959625244000,-121.454238891602000,78321000120831,78321000121
08MF032,BC,49.431110382080000,-121.436393737792000,78321000130201,78321000131
08MF030,BC,49.509170532226500,-121.420562744140000,78321000130661,78321000131
08MF031,BC,49.564170837402300,-121.424720764160000,78321000140241,78321000141
08MF028,BC,49.785278320312400,-121.449722290039000,78321000160021,78321000161
08MF001,BC,49.840000152587800,-121.428329467772000,78321000160381,78321000161
08MF039,BC,49.872219085693400,-121.438888549805000,78321000160611,78321000161
08MG014,BC,49.234649658203000,-121.959312438965000,78321000200013,78321000203
08MG022,BC,49.285011291503800,-121.904197692870000,78321000200453,78321000203
08MG013,BC,49.300418853759800,-121.829643249512000,78321000210291,78321000211
08MG027,BC,50.091598510742200,-122.536560058594000,78321000350233,78321000353
08MG020,BC,50.240360260009800,-122.481132507324000,78321000380053,78321000383
08MG005,BC,50.336021423339800,-122.800247192382000,78321000400071,78321000401
08MH035,BC,49.244808197021400,-122.734069824219000,78321000450213,78321000453
08LF063,BC,50.246940612792900,-121.484169006347000,78322100020241,78322100021
08LF051,BC,50.354629516601500,-121.393646240234000,78322100040261,78322100041
08LF022,BC,50.420829772949100,-121.341667175292000,78322100050311,78322100051
08LF050,BC,50.454170227050800,-121.311668395995000,78322300010041,78322300011
08LF043,BC,50.764438629150300,-121.032218933104000,78322500030041,78322500031
08LF033,BC,50.752079010009800,-120.873611450194000,78322500030751,78322500031
08LF046,BC,50.752780914306500,-120.847221374512000,78322500040083,78322500043
08LF085,BC,50.707218170166000,-120.534172058104000,78322500060353,78322500063
08LF023,BC,50.687519073486200,-120.364120483397000,78322500070141,78322500071
08LB004,BC,50.861110687255900,-120.258331298827000,78322600020461,78322600021
08LB015,BC,50.891670227050800,-120.254173278809000,78322600020641,78322600021
08LB064,BC,51.040931701660100,-120.240463256835000,78322600030601,78322600031
08LB019,BC,51.062500000000000,-120.238891601562000,78322600030751,78322600031
08LB062,BC,51.090278625488300,-120.168060302734000,78322600040071,78322600041
08LB072,BC,51.134998321533200,-120.122779846190000,78322600040421,78322600041
08LB022,BC,51.186111450195200,-120.151390075684000,78322600040791,78322600041
08LB078,BC,51.427589416503800,-120.202041625977000,78322600060461,78322600061
08LB070,BC,51.632499694824100,-120.026390075684000,78322600080201,78322600081
08LB047,BC,51.601860046386600,-119.914352416992000,78322600090451,78322600091
08LB041,BC,51.588890075683600,-119.698608398437000,78322600110141,78322600111
08LB040,BC,51.597221374511600,-119.666671752930000,78322600110251,78322600111
08LB039,BC,51.676391601562400,-119.604171752930000,78322600110961,78322600111
08LB079,BC,51.782218933105400,-119.326393127440000,78322600140381,78322600141
08LA001,BC,51.655719757080000,-120.066047668457000,78322600180171,78322600181
08LA004,BC,51.979438781738300,-120.103607177734000,78322600350121,78322600351
08LE003,BC,50.652221679687500,-120.083328247070000,78322700020291,78322700021
08LE069,BC,50.653331756591700,-119.959442138672000,78322700030171,78322700031
08LE015,BC,50.667221069335900,-119.839439392090000,78322700030671,78322700031
08LE031,BC,50.763031005859400,-119.742828369140000,78322700040331,78322700041
08LE057,BC,50.828330993652300,-119.674438476562000,78322700050123,78322700053
08LD006,BC,50.921669006347600,-119.644721984862000,78322800010451,78322800011
08LD001,BC,50.937591552734400,-119.656341552734000,78322800010551,78322800011
08LD003,BC,50.953578948974600,-119.675392150879000,78322800030013,78322800033
08LE047,BC,50.880561828613300,-119.464721679687000,78322900010313,78322900013
08LC037,BC,50.776390075683600,-119.004440307617000,78322900070283,78322900073
08LC021,BC,50.715278625488300,-119.041671752930000,78322900080041,78322900081
08LC002,BC,50.543659210205000,-119.012847900390000,78322900100471,78322900101
08LC050,BC,50.533611297607400,-118.969169616699000,78322900110171,78322900111
08LC032,BC,50.611110687255900,-118.775001525879000,78322900120751,78322900121
08LC019,BC,50.602779388427600,-118.738327026367000,78322900130033,78322900133
08LE071,BC,51.238891601562400,-118.927780151367000,78322900240493,78322900243
08MF004,BC,50.248058319091700,-121.589172363280000,78323000010071,78323000011
08MF011,BC,50.284168243408200,-121.633331298827000,78323000010361,78323000011
08MF040,BC,50.613670349121100,-121.853439331055000,78323000050121,78323000051
08MF027,BC,50.661109924316300,-121.926391601562000,78323000050531,78323000051
08MF017,BC,50.677780151367200,-121.922218322754000,78323000060081,78323000061
08ME019,BC,50.709720611572300,-121.912498474120000,78323000060281,78323000061
08MD013,BC,51.183670043945200,-122.132080078124000,78323000120201,78323000121
08MD018,BC,51.233329772949100,-122.170562744140000,78323000120581,78323000121
08MD012,BC,51.519439697265500,-122.286109924315000,78323000140461,78323000141
08MB008,BC,51.827781677246100,-122.572219848632000,78324000030151,78324000031
08MB005,BC,51.847938537597600,-122.654777526854000,78324000040121,78324000041
08MB012,BC,51.920608520507700,-123.080833435059000,78324000060691,78324000061
08MA001,BC,52.069751739502000,-123.539497375487000,78324000100091,78324000101
08MA007,BC,51.921669006347600,-123.826110839844000,78324000130171,78324000131
08MA002,BC,51.624858856201200,-124.143356323242000,78324000170103,78324000173
08MA003,BC,51.379001617431500,-123.631217956542000,78324000320491,78324000321
08MC011,BC,52.505561828613300,-122.445556640624000,78325000090341,78325000091
08MC018,BC,52.530281066894500,-122.444328308104000,78325000090461,78325000091
08KE005,BC,52.606941223144500,-122.465278625487000,78325000100521,78325000101
08KE003,BC,52.823890686035100,-122.468330383300000,78325000120211,78325000121
08KE016,BC,52.973888397216700,-122.509437561034000,78325000130561,78325000131
08KE002,BC,52.974441528320200,-122.496940612792000,78325000140021,78325000141
08KH026,BC,52.847778320312400,-122.222503662109000,78325000220331,78325000221
08KH006,BC,52.843059539794900,-122.225280761719000,78325000220341,78325000221
08KH003,BC,52.666671752929700,-121.670829772949000,78325000260361,78325000261
08KH002,BC,52.658058166503800,-121.474166870117000,78325000270201,78325000271
08KH013,BC,52.729438781738300,-121.434722900390000,78325000280033,78325000283
08KH017,BC,52.746940612792900,-121.424720764160000,78325000280143,78325000283
08KH004,BC,52.977779388427600,-121.176391601562000,78325000330341,78325000331
08KH005,BC,52.992500305175800,-121.122779846190000,78325000340161,78325000341
08KE018,BC,53.900779724121100,-122.734939575194000,78327000050871,78327000051
08JC002,BC,53.960441589355400,-123.234863281250000,78328300040041,78328300041
08JE001,BC,54.416858673095700,-124.270622253417000,78328400070013,78328400073
08JC001,BC,54.026729583740100,-124.008651733397000,78328500050471,78328500051
08JC006,BC,54.029998779296900,-124.015281677245000,78328500050491,78328500051
08JA001,BC,54.055000305175800,-124.560829162597000,78328700010311,78328700011
08JA017,BC,53.685501098632700,-124.839279174805000,78328700070621,78328700071
08JA009,BC,53.643329620361200,-124.974998474120000,78328700100053,78328700103
08JA018,BC,53.707778930664000,-125.611061096190000,78328700140383,78328700143
08JA023,BC,53.772380828857400,-125.997238159180000,78328700280016,78328700286
08KE001,BC,53.912498474121100,-122.711669921875000,78329100010011,78329100011
08KB001,BC,54.003669738769500,-122.624748229980000,78329100020581,78329100021
08KB003,BC,54.231170654296900,-121.668746948242000,78329600040781,78329600041
08KB005,BC,54.268058776855400,-121.495002746582000,78329600060081,78329600061
08KA004,BC,54.078670501708900,-121.850357055664000,78329700020241,78329700021
08KA005,BC,53.301719665527300,-120.140922546387000,78329900220011,78329900221
08MH032,BC,49.205360412597600,-123.088638305664000,78331000020175,78331000025
08GA053,BC,49.722221374511600,-123.165000915527000,78331000040091,78331000041
08GA048,BC,49.731109619140500,-123.143608093262000,78331000040201,78331000041
08GA022,BC,49.795021057128800,-123.203163146972000,78331000050151,78331000051
08GA071,BC,50.114028930664000,-123.428398132324000,78331000110281,78331000111
08FB008,BC,52.391670227050800,-126.550003051757000,78336000030291,78336000031
08FB011,BC,52.439220428466700,-126.352439880370000,78336000040601,78336000041
08FB002,BC,52.442218780517500,-126.332221984862000,78336000050071,78336000051
08FB007,BC,52.422218322753800,-126.158058166504000,78336000060231,78336000061
08EG006,BC,54.581939697265500,-128.660278320311000,78340200020071,78340200021
08EG019,BC,54.679298400878800,-128.743957519530000,78340200030551,78340200031
08EF003,BC,54.536109924316300,-128.454162597655000,78340400010151,78340400011
08EF005,BC,54.493629455566300,-128.324661254883000,78340400020121,78340400021
08EF001,BC,54.637260437011600,-128.408264160155000,78340500020291,78340500021
08EF004,BC,55.090278625488300,-127.811111450194000,78340500090181,78340500091
08EE007,BC,55.254440307617200,-127.651107788085000,78340600010101,78340600011
08EE001,BC,55.258888244628800,-127.602783203124000,78340600010311,78340600011
08EE006,BC,55.010280609130900,-127.332778930664000,78340600040621,78340600041
08EE005,BC,54.769718170166000,-127.133331298827000,78340600090031,78340600091
08EE027,BC,54.684719085693400,-127.023612976074000,78340600100431,78340600101
08EE002,BC,54.648609161377000,-126.973609924315000,78340600110171,78340600111
08EE004,BC,54.618610382080000,-126.899971008300000,78340600120031,78340600121
08ED003,BC,54.382221221923800,-126.739997863770000,78340600150351,78340600151
08ED002,BC,54.116828918457000,-127.426582336425000,78340600230881,78340600231
08EB001,BC,55.256938934326200,-127.675559997559000,78340700010101,78340700011
08EB003,BC,55.301059722900300,-127.672561645507000,78340700010461,78340700011
08EB005,BC,55.717079162597600,-127.686721801757000,78340700050941,78340700051
08DB001,BC,55.262248992919900,-129.085037231445000,78360000040441,78360000041
08DB008,BC,55.404170989990100,-129.008331298828000,78360000060151,78360000061
08DA010,BC,56.279170989990100,-129.144439697265000,78360000140831,78360000141
08DA011,BC,56.294441223144500,-129.241668701171000,78360000150321,78360000151
08DA003,BC,56.041671752929700,-129.197219848633000,78360000270173,78360000273
08CF003,AK,56.708061218261600,-132.130279541015000,78380100030111,78380100031
08CG001,BC,56.734439849853500,-131.668991088866000,78380200010451,78380200011
08CG004,BC,56.698608398437500,-130.873062133789000,78380200050401,78380200051
08CG007,BC,56.741668701171900,-130.613891601561000,78380200060531,78380200061
08CG005,BC,57.040828704833900,-130.401382446289000,78380200110121,78380200111
08CF002,BC,56.830001831054700,-131.765823364258000,78380300010531,78380300011
08CF001,BC,57.486110687255900,-131.750000000000000,78380300100271,78380300101
08CE001,BC,57.900268554687500,-131.159713745116000,78380300160561,78380300161
08CE005,BC,58.013271331787100,-130.977569580078000,78380300170551,78380300171
08CE004,BC,57.695831298828000,-131.711105346680000,78380300190571,78380300191
08CB001,BC,58.043891906738300,-129.945831298828000,78380500040761,78380500041
08CC001,BC,57.900001525878800,-129.703887939453000,78380600010481,78380600011
08CA002,BC,57.733058929443400,-128.108337402344000,78380700110591,78380700111
08CA003,BC,57.981941223144500,-128.429443359375000,78380700120301,78380700121
08CA001,BC,57.670280456542900,-128.103332519530000,78380800010231,78380800011
08BB005,AK,58.538608551025300,-133.699996948241000,78390400080155,78390400085
08BB001,BC,58.638889312744000,-133.540283203125000,78390400100051,78390400101
08AB002,AK,59.395000457763700,-138.081939697265000,81110200100031,81110200101
08AB001,YT,60.118309020996100,-137.977752685546000,81110200230871,81110200231
09FD002,YT,67.458526611328000,-140.662002563476000,81260500110171,81260500111
09FD001,YT,67.563888549804700,-139.883331298828000,81260500150721,81260500151
09FD003,YT,67.568328857421900,-139.833831787109000,81260500150831,81260500151
09FC001,YT,67.639839172363200,-139.709243774414000,81260600020051,81260600021
09FB001,YT,67.440277099609400,-137.783615112305000,81260700090521,81260700091
09FA001,YT,66.430358886718800,-138.404891967773000,81260900150371,81260900151
09ED001,AK,64.789436340332000,-141.197784423828000,81270500210671,81270500211
09EC002,YT,64.397216796875000,-140.611114501953000,81270600010321,81270600011
09EB001,YT,64.070541381835800,-139.425430297851000,81270700070391,81270700071
09EA003,YT,64.042778015136700,-139.407775878905000,81270800010131,81270800011
09EA006,YT,64.062080383300700,-139.083755493164000,81270800020411,81270800021
09EB002,YT,63.311668395996100,-139.428604125976000,81270900080481,81270900081
09DD003,YT,63.282218933105400,-139.254440307616000,81280100010501,81280100011
09DD004,YT,63.610031127929700,-137.273742675780000,81280200010341,81280200011
09DD002,YT,63.382221221923800,-136.683059692383000,81280300040651,81280300041
09DC002,YT,63.590560913085900,-135.896667480469000,81280300080691,81280300081
09DC003,YT,63.488059997558600,-135.134994506835000,81280500050441,81280500051
09DB001,YT,64.014999389648300,-134.139175415039000,81280600220231,81280600221
09DA001,YT,63.333518981933600,-131.490905761719000,81280900050061,81280900051
09CB001,YT,61.988170623779200,-140.558670043945000,81292400090671,81292400091
09CA003,YT,62.082218170166000,-139.859725952148000,81292700070241,81292700071
09CA002,YT,61.426940917968800,-139.051696777344000,81292900080171,81292900081
09CD001,YT,63.082500457763700,-139.496932983398000,81293000020161,81293000021
09BC001,YT,62.829170227050800,-136.582504272460000,81294100050211,81294100051
09BB002,YT,62.893329620361200,-135.509994506835000,81294400030331,81294400031
09BC004,YT,62.220748901367200,-133.377807617188000,81294700080021,81294700081
09BC002,YT,61.986640930175800,-132.447586059570000,81294700120661,81294700121
09BA001,YT,61.988780975341700,-132.407165527344000,81294800010071,81294800011
09BB001,YT,62.925670623779200,-130.537963867188000,81294800250051,81294800251
09BA002,YT,62.030559539794900,-130.602783203125000,81294900140781,81294900141
09AH001,YT,62.094440460205000,-136.272216796875000,81295000110031,81295000111
09AG001,YT,61.872608184814500,-134.836303710938000,81296000130361,81296000131
09AG002,YT,61.143058776855400,-133.080566406250000,81296000320833,81296000323
09AB009,YT,61.434440612792900,-135.188323974609000,81298100030431,81298100031
09AC001,YT,60.851108551025300,-135.741104125976000,81298200040121,81298200041
09AC004,YT,60.612781524658200,-136.123886108398000,81298200080431,81298200081
09AB001,YT,60.744499206542900,-135.064025878905000,81298300020251,81298300021
09AA017,YT,60.161830902099600,-134.379333496094000,81298600010193,81298600013
09AA004,YT,60.163890838622900,-134.707504272460000,81298600020633,81298600023
09AF001,YT,61.489170074462800,-134.776382446289000,81299000010691,81299000011
09AE001,YT,60.484439849853500,-133.301940917969000,81299000140501,81299000141
09AE002,YT,60.158031463622900,-132.709579467773000,81299000200093,81299000203
09AD001,YT,60.343059539794900,-132.544723510741000,81299000220271,81299000221
09AE003,BC,59.930580139160100,-131.768386840820000,81299000340021,81299000341
10MD001,YT,69.326606750488200,-139.567443847655000,82100400030273,82100400033
10MC001,NT,68.219436645507700,-135.000000000000000,82100800050205,82100800055
10MC003,NT,68.203666687011700,-135.114807128905000,82100800060015,82100800065
10LC018,NT,69.233062744140500,-135.190826416015000,82100900480495,82100900485
10MC015,NT,68.883331298828000,-135.016662597655000,82100900490035,82100900495
10MC011,NT,69.018188476562500,-135.512329101561000,82100900600665,82100900605
10MC010,NT,69.083251953125000,-135.136276245116000,82100900670835,82100900675
10MC023,NT,68.635719299316400,-134.984436035155000,82100900810455,82100900815
10MC021,NT,68.601112365722600,-134.389434814453000,82100900870445,82100900875
10MC014,NT,68.298332214355400,-134.429168701171000,82211000030495,82211000035
10MC008,NT,68.292419433593800,-134.429748535155000,82211000030575,82211000035
10MC016,NT,68.253059387207000,-135.023895263671000,82211000090055,82211000095
10MC009,NT,68.798606872558500,-134.695831298828000,82211000410035,82211000415
10MC013,NT,69.050003051757700,-135.033325195311000,82211000460155,82211000465
10MC012,NT,68.874717712402300,-134.983337402344000,82211000510575,82211000515
10LC001,NT,68.650001525878900,-134.100006103515000,82211000570845,82211000575
10MC018,NT,68.441390991210800,-134.446670532226000,82211000650325,82211000655
10MC017,NT,68.276390075683500,-134.833053588866000,82211000680765,82211000685
10LC002,NT,68.374191284179700,-133.764831542969000,82211000900405,82211000905
10MC022,NT,67.635421752929700,-134.652252197265000,82212100060101,82212100061
10MC002,NT,67.258888244628900,-134.888809204101000,82212100090381,82212100091
10MB003,YT,65.970283508300700,-134.038253784180000,82212200010451,82212200011
10MB004,YT,64.748466491699200,-133.679992675780000,82212400160191,82212400161
10MA005,YT,65.321189880371000,-135.402725219726000,82212600060401,82212600061
10MA001,YT,65.892608642578000,-136.037887573241000,82212700030751,82212700031
10MA002,YT,65.362197875976600,-138.302124023438000,82212800150241,82212800151
10MA004,YT,65.638778686523300,-136.653137207030000,82212900030461,82212900031
10LC005,NT,67.883331298828000,-134.333328247070000,82213000010105,82213000015
10LC011,NT,67.661109924316400,-134.136108398438000,82213000070275,82213000075
10LC014,NT,67.456001281738200,-133.753280639648000,82213000090621,82213000091
10LC015,NT,67.793937683105400,-134.132522583008000,82213000240295,82213000245
10LA001,NT,67.449996948242200,-133.750000000000000,82214000010011,82214000011
10LA002,NT,66.787437438964800,-133.089645385741000,82214000080081,82214000081
10LB003,NT,67.449996948242200,-130.899993896484000,82215000130321,82215000131
10LD004,NT,66.400833129882700,-128.259719848633000,82216000030641,82216000031
10KD006,NT,66.193061828613200,-128.901107788085000,82217000010721,82217000011
10KD008,NT,65.721107482910100,-128.782775878905000,82217000060421,82217000061
10KD002,NT,66.183326721191400,-129.041671752930000,82217000070151,82217000071
10KD004,NT,66.112220764160100,-129.275283813476000,82217000080511,82217000081
10KC901,NT,65.683326721191400,-128.916671752930000,82218000010531,82218000011
10KC001,NT,65.229438781738200,-128.563323974609000,82218000090321,82218000091
10KD007,NT,65.672782897949200,-128.770553588866000,82219000010211,82219000011
10KB901,NT,65.633331298828000,-128.800003051758000,82219000260661,82219000261
10KB001,NT,65.295326232910100,-127.683357238770000,82219000350211,82219000351
10JC001,NT,64.908332824707000,-125.591667175292000,82221000010141,82221000011
10JC003,NT,65.128417968750000,-123.550918579102000,82221000080591,82221000081
10HC006,NT,63.900279998779200,-123.322776794434000,82222000030033,82222000033
10JB001,NT,64.563140869140500,-121.743110656737000,82224000120541,82224000121
10JD001,NT,66.858329772949200,-121.265281677245000,82226400010131,82226400011
10HA004,NT,64.133827209472600,-128.211593627930000,82232000170271,82232000171
10HA003,NT,64.160560607910100,-128.299163818359000,82232000370351,82232000371
10HB001,NT,64.183326721191400,-124.666671752930000,82234000030111,82234000031
10HB005,NT,63.923500061035100,-125.296562194824000,82234000070541,82234000071
10HB004,NT,62.765560150146400,-126.692222595215000,82234000460401,82234000461
10HB002,NT,64.018058776855400,-124.423606872559000,82235000030391,82235000031
10HC002,NT,63.973609924316300,-124.266670227050000,82235000040471,82235000041
10HC001,NT,63.266109466552600,-123.597221374512000,82235000110221,82235000111
10HC005,NT,63.928058624267500,-124.065559387207000,82235000170101,82235000171
10GB001,NT,62.652778625488300,-122.905830383300000,82236000040441,82236000041
10GB006,NT,62.650058746337800,-122.899246215820000,82236000040461,82236000041
10GB002,NT,62.267219543457000,-123.352218627930000,82237000070241,82237000071
10GA001,NT,62.479721069335900,-123.433059692382000,82237000090201,82237000091
10GC006,NT,62.137779235839800,-122.536666870117000,82239000040241,82239000041
10GC001,NT,61.868438720703000,-121.358886718750000,82239000080791,82239000081
10GC004,NT,61.866668701171900,-121.333328247070000,82239000080871,82239000081
10ED002,NT,61.742668151855400,-121.227859497070000,82241000020241,82241000021
10ED005,NT,61.424999237060400,-121.625000000000000,82241000060481,82241000061
10ED008,NT,61.118061065673800,-122.859718322754000,82241000130271,82241000131
10EC004,NT,61.041530609130900,-123.402717590332000,82242100010251,82242100011
10EC001,NT,61.263328552246100,-124.069717407227000,82242100050401,82242100051
10EA003,NT,61.529968261718800,-125.410751342772000,82242400010221,82242400011
10EB001,NT,61.636108398437500,-125.797027587890000,82242700030251,82242700031
10ED001,NT,60.241561889648400,-123.475418090820000,82243000100511,82243000101
10DA001,BC,59.988559722900300,-122.960937500000000,82244000040161,82244000041
10CD001,BC,58.788108825683600,-122.661636352539000,82246600010571,82246600011
10CD006,BC,58.483890533447300,-122.829719543457000,82246600350631,82246600351
10CC001,BC,58.822219848632700,-122.541671752930000,82246700010031,82246700011
10CC002,BC,58.670829772949100,-122.637496948242000,82246700030021,82246700031
10BD001,YT,60.130748748779200,-124.889251708984000,82247200080021,82247200081
10BE005,BC,59.742500305175800,-124.476387023925000,82247300010551,82247300011
10BE001,BC,59.412498474121100,-126.097221374512000,82247500080331,82247500081
10BE013,BC,59.553531646728500,-126.480247497559000,82247500110341,82247500111
10BE008,BC,59.598331451416000,-126.666671752930000,82247700010471,82247700011
10BC001,BC,59.691390991210900,-126.950561523437000,82247800010401,82247800011
10BB001,BC,59.615280151367200,-127.310279846190000,82248000010581,82248000011
10BB002,BC,59.098331451416000,-127.533889770507000,82248000100311,82248000101
10BA001,BC,59.064441680908200,-127.844718933104000,82248000260221,82248000261
10BE006,BC,59.701110839843800,-127.227500915527000,82249100020041,82249100021
10AD001,BC,59.950828552246100,-128.150833129883000,82249200020111,82249200021
10AD002,YT,61.486831665039000,-128.242111206055000,82249200250931,82249200251
10AC006,BC,59.858329772949100,-128.597213745116000,82249400020061,82249400021
10AC002,BC,59.188888549804700,-129.212219238280000,82249400140701,82249400141
10AA001,YT,60.050891876220700,-128.906860351561000,82249500030481,82249500031
10AA004,YT,60.208061218261600,-129.549438476561000,82249600020861,82249600021
10AA006,YT,60.810779571533200,-130.521026611328000,82249800100011,82249800101
10AB001,YT,60.473888397216700,-129.118896484375000,82249900050151,82249900051
10FB006,NT,61.816501617431500,-120.791923522949000,82251100030211,82251100031
10FB007,NT,61.525531768798800,-120.622863769530000,82251300020261,82251300021
10FB003,NT,61.350559234619000,-120.016670227050000,82251300050821,82251300051
10FA002,NT,61.139808654785100,-119.843063354492000,82251400040291,82251400041
10FA001,NT,60.766670227050800,-121.108329772949000,82251400150731,82251400151
10FB001,NT,61.260829925537100,-117.544723510742000,82251900050243,82251900053
07UC001,NT,60.940280914306500,-117.421669006347000,82252000040421,82252000041
07OB002,NT,60.859859466552600,-115.734191894530000,82254100010063,82254100013
07OB001,NT,60.743000030517500,-115.859642028809000,82254100030081,82254100031
07OB008,NT,60.003860473632700,-116.972076416015000,82254100140491,82254100141
07OB003,AB,59.149459838867200,-117.636329650879000,82254500050521,82254500051
07OC001,AB,58.597080230712800,-118.334098815917000,82254900080141,82254900081
07PA001,NT,60.713668823242200,-114.903892517090000,82256000040681,82256000041
07PA002,NT,60.004718780517500,-115.578887939452000,82256000210631,82256000211
07PC001,NT,60.013610839843800,-114.525558471680000,82256000310071,82256000311
07SA009,NT,62.785671234130900,-115.944686889647000,82262300130011,82262300131
07TA001,NT,63.107688903808600,-116.974639892577000,82262400130011,82262400131
07TA002,NT,63.137500762939500,-117.283332824707000,82262400150043,82262400153
07QA001,NT,60.649719238281200,-111.946937561034000,82264700020163,82264700023
07QD007,NT,60.466941833496100,-111.512496948242000,82264700060271,82264700061
07QB002,NT,62.172500610351500,-109.860832214354000,82268000260143,82268000263
07RD001,NT,62.894138336181500,-108.466026306152000,82269100200013,82269100203
07NC006,NT,61.272220611572300,-113.666671752930000,82270000020171,82270000021
07NC005,NT,61.263889312744000,-113.619438171387000,82270000020291,82270000021
07NC009,NT,61.284721374511600,-113.581939697265000,82270000020411,82270000021
07NC002,NT,61.252780914306500,-113.508331298827000,82270000030161,82270000031
07NB003,NT,60.025001525878800,-112.091667175292000,82270000230121,82270000231
07NB004,AB,59.961109161377000,-111.758331298827000,82270000240451,82270000241
07NB001,AB,59.863460540771400,-111.591560363770000,82270000260211,82270000261
07NC004,NT,61.234718322753800,-113.695831298827000,82270000440151,82270000441
07NC003,NT,61.250000000000000,-113.623329162597000,82270000440341,82270000441
07NC001,NT,61.248611450195200,-113.330558776854000,82270000460921,82270000461
07NA001,AB,58.996391296386600,-111.393218994140000,82281000010061,82281000011
07NA008,AB,58.929641723632700,-111.212806701660000,82281000020351,82281000021
07NA007,AB,58.919689178466700,-111.175582885742000,82281000030021,82281000031
07NA003,AB,58.841670989990100,-111.266670227050000,82281000040041,82281000041
07NA002,AB,58.819438934326200,-111.275001525879000,82281000040161,82281000041
07NA005,AB,58.897220611572300,-111.400001525879000,82281000140111,82281000141
07NA004,AB,58.852779388427600,-111.269439697265000,82281000140671,82281000141
07KF001,AB,58.647220611572300,-111.288887023925000,82282000020371,82282000021
07KF010,AB,58.647220611572300,-111.311111450194000,82282000030061,82282000031
07KF003,AB,58.631721496582000,-111.334251403809000,82282000050061,82282000051
07KF015,AB,58.481979370117200,-111.485313415527000,82282000090531,82282000091
07KF014,AB,58.623611450195200,-111.680557250977000,82282000110411,82282000111
07KF002,AB,58.627830505371100,-111.696891784667000,82282000110461,82282000111
07KF004,AB,58.877780914306500,-111.602783203124000,82282000300091,82282000301
07KF008,AB,58.813888549804700,-111.558326721190000,82282000310051,82282000311
07KF007,AB,58.794441223144500,-111.477783203124000,82282000310451,82282000311
07KF006,AB,58.651390075683600,-111.297218322754000,82282000330571,82282000331
07DD003,AB,58.429859161377000,-111.547080993652000,82283000020641,82283000021
07DD004,AB,58.465278625488300,-111.074996948242000,82283000190631,82283000191
07MA005,SK,59.133331298828000,-109.304168701172000,82284100200121,82284100201
07MA004,SK,58.813888549804700,-109.002777099609000,82284100250371,82284100251
07MB001,SK,58.967468261718800,-108.173362731934000,82284200070311,82284200071
07LE001,SK,59.266670227050800,-105.800003051757000,82284500090033,82284500093
07LE002,SK,59.150028228759800,-105.543083190917000,82284500140013,82284500143
07LD002,SK,58.858329772949100,-105.819442749022000,82284600050193,82284600053
07DD001,AB,58.312641143798800,-111.515098571777000,82285000040321,82285000041
07DA004,AB,57.713890075683600,-111.391670227050000,82285000090251,82285000091
07DA003,AB,57.194438934326200,-111.608329772949000,82285000150131,82285000151
07DA001,AB,56.780891418457000,-111.402580261230000,82285000200221,82285000201
07DC001,AB,57.651168823242200,-111.202529907227000,82285000230431,82285000231
07DC004,AB,57.609951019287100,-111.149108886719000,82285000240401,82285000241
07DD010,AB,58.450000762939500,-111.066673278809000,82285000340021,82285000341
07DD006,AB,58.481941223144500,-110.804168701172000,82285000350381,82285000351
07DD007,AB,58.421058654785100,-110.921752929687000,82285000380081,82285000381
07DD005,AB,58.470829010009800,-110.855560302734000,82285000420671,82285000421
07DD011,AB,58.396858215332000,-111.524940490722000,82285000460611,82285000461
07CC002,AB,56.733329772949100,-111.375000000000000,82286100010071,82286100011
07CD002,AB,56.719440460205000,-111.347221374512000,82286100010201,82286100011
07CD003,AB,56.700000762939500,-111.333328247070000,82286100010331,82286100011
07CD001,AB,56.685249328613300,-111.255218505859000,82286100020261,82286100021
07CD005,AB,56.663490295410100,-110.928703308104000,82286300010571,82286300011
07BE001,AB,54.722030639648400,-113.287956237792000,82287000300211,82287000301
07BK007,AB,55.255470275878800,-114.230789184570000,82288000030081,82288000031
07BK003,AB,55.266670227050800,-114.313888549805000,82288000030391,82288000031
07BK004,AB,55.275001525878800,-114.409721374512000,82288000040211,82288000041
07BK002,AB,55.277778625488300,-114.408332824707000,82288000040231,82288000041
07BC002,AB,54.450290679931500,-113.993316650390000,82289200080061,82289200081
07BC001,AB,54.355560302734400,-114.011108398437000,82289200090721,82289200091
07AG008,AB,54.032531738281200,-115.842330932617000,82289600030221,82289600031
07AG004,AB,54.012470245361200,-115.839637756347000,82289600030441,82289600031
07AG007,AB,53.697048187255900,-116.162017822265000,82289600120261,82289600121
07AG001,AB,53.654170989990100,-116.280563354492000,82289600130281,82289600131
07AG002,AB,53.599998474121100,-116.333328247070000,82289600140191,82289600141
07AE001,AB,54.207530975341700,-116.063209533690000,82289700030141,82289700031
07AC007,AB,54.013271331787100,-116.963378906250000,82289800010511,82289800011
07AD002,AB,53.424289703369000,-117.569419860840000,82289900080511,82289900081
07AD001,AB,53.376941680908200,-117.694999694824000,82289900090281,82289900091
07AA003,AB,53.140281677246100,-117.979438781737000,82289900110881,82289900111
07AA004,AB,52.930690765380900,-118.027999877930000,82289900160351,82289900161
07AA002,AB,52.910190582275300,-118.058700561522000,82289900160501,82289900161
07KC005,AB,58.909778594970700,-111.580108642577000,82291000020301,82291000021
07KC003,AB,58.977779388427600,-111.813888549805000,82291000070241,82291000071
07KC004,AB,58.928058624267500,-111.916671752930000,82291000070691,82291000071
07KC001,AB,59.118061065673800,-112.436943054199000,82291000190041,82291000191
07KA002,AB,58.650001525878800,-114.022216796875000,82291000300471,82291000301
07JD001,AB,58.291671752929700,-115.383331298827000,82292300010191,82292300011
07JD002,AB,57.874629974365100,-115.389137268065000,82292300070131,82292300071
07JB002,AB,56.324169158935400,-113.786109924315000,82292500160251,82292500161
07HF001,AB,58.387779235839800,-116.028648376465000,82293300010801,82293300011
07HD001,AB,57.742279052734400,-117.032653808594000,82293500010151,82293500011
07HA001,AB,56.244941711425800,-117.314331054687000,82293900080101,82293900081
07HA002,AB,56.230560302734400,-117.286109924315000,82293900080231,82293900081
07GJ001,AB,55.714599609375000,-117.623077392577000,82294100060231,82294100061
07GH002,AB,55.456230163574100,-117.161903381347000,82294200040581,82294200041
07GH001,AB,55.377780914306500,-116.927780151367000,82294200060611,82294200061
07GE001,AB,55.070060729980400,-118.709831237792000,82294600040531,82294600041
07FD901,AB,56.155010223388700,-117.442657470702000,82295000010391,82295000011
07FD934,AB,55.914588928222600,-117.985603332520000,82295000040331,82295000041
07FD003,AB,55.919078826904200,-118.606643676757000,82295000070521,82295000071
07FD010,BC,56.126918792724600,-120.057472229004000,82295000190201,82295000191
07FD002,BC,56.139389038085900,-120.672416687012000,82297100010781,82297100011
07FB001,BC,55.718441009521400,-121.211563110352000,82297200060501,82297200061
07FB002,BC,55.552471160888700,-121.203498840332000,82297200090511,82297200091
07FB006,BC,55.061359405517500,-121.013778686522000,82297200170281,82297200171
07FA004,BC,56.199329376220700,-120.814498901367000,82297300010501,82297300011
07FA001,BC,56.227779388427600,-121.480560302734000,82297600010271,82297600011
07FA006,BC,56.250751495361200,-121.628532409667000,82297600020331,82297600021
07FA003,BC,56.508941650390500,-122.243217468262000,82297600070016,82297600076
07EF001,BC,56.027000427246100,-121.908668518065000,82297700030191,82297700031
07EF002,BC,56.049968719482400,-123.748191833495000,82297900060043,82297900063
07ED002,BC,55.503890991210900,-123.419723510742000,82298000080163,82298000083
07ED003,BC,55.427219390869000,-123.633361816405000,82298000090591,82298000091
07ED001,BC,55.202529907226500,-124.233367919922000,82298000170011,82298000171
07EE007,BC,55.081939697265500,-122.913063049315000,82298000300071,82298000301
07EE003,BC,54.858329772949100,-122.615280151367000,82298000320411,82298000321
07EC002,BC,55.916858673095700,-124.567581176757000,82299200060351,82299200061
07EC001,BC,55.788890838622900,-124.680557250977000,82299200070641,82299200071
07EA005,BC,57.126220703125000,-125.249923706055000,82299700050321,82299700051
07EA002,BC,57.450000762939500,-125.637496948242000,82299800010301,82299800011
07EA001,BC,57.420829772949100,-125.626388549805000,82299900010081,82299900011
10LC021,NT,69.423126220703000,-135.015533447265000,82301000130285,82301000135
10LC012,NT,69.009613037109400,-134.689834594726000,82301000300485,82301000305
10NC001,NT,68.630668640136700,-128.421432495116000,82304100150271,82304100151
10NA001,NT,68.393608093261700,-128.949722290039000,82304200010591,82304200011
10NB001,NT,67.644996643066400,-124.222999572754000,82304700100091,82304700101
10OB001,NT,69.176033020019500,-123.252441406250000,82308000050521,82308000051
10PC003,NU,67.740280151367200,-115.378608703612000,83120100030021,83120100031
10PC004,NU,67.228332519531100,-115.888893127440000,83120300020501,83120300021
10PC001,NU,67.213333129882700,-116.575828552245000,83120400020701,83120400021
10PB001,NT,65.415832519531100,-114.007781982422000,83120600210093,83120600213
10PB003,NT,65.404441833496000,-113.994918823242000,83120600210123,83120600213
10PA001,NT,64.615753173828000,-111.954643249512000,83120600430653,83120600433
10QA001,NU,67.635002136230400,-111.902221679687000,83130600010251,83130600011
10QB001,NU,67.349998474121000,-108.934997558594000,83130800010361,83130800011
10QC001,NU,66.726249694824200,-108.813171386719000,83140000060481,83140000061
10QC004,NU,66.012496948242200,-111.292778015137000,83140000280253,83140000283
10QC002,NU,66.809997558593800,-107.101112365722000,83150300030041,83150300031
10QD001,NU,67.708328247070200,-104.139167785645000,83160000120921,83160000121
10SB001,NU,67.525001525878900,-94.058326721191400,83182000080161,83182000081
10RC001,NU,66.086143493652300,-96.510810852050700,83183000180423,83183000183
10RA002,NU,65.010559082031100,-104.490562438965000,83188000030251,83188000031
10RA001,NU,65.187217712402300,-106.085830688477000,83189000070441,83189000071
06OA007,NU,65.934577941894500,-91.066558837890500,83210400060145,83210400065
06OA006,NU,66.042221069335800,-91.834442138671900,83210400100023,83210400103
06MB001,NU,64.314170837402300,-93.909721374511700,83220000030445,83220000035
06LC001,NU,63.652580261230400,-95.852111816406100,83242100110143,83242100113
06LC002,NU,63.799438476562400,-97.431388854980400,83242200040571,83242200041
06MA003,NU,64.406936645507700,-96.410278320312500,83243000090013,83243000093
06MA006,NU,64.778282165527300,-97.053863525390500,83243000130063,83243000133
06JC002,NU,64.530387878417900,-101.362327575684000,83244100080281,83244100081
06JA001,NT,62.567581176757700,-104.839530944824000,83244700160013,83244700163
06KC001,NU,64.344436645507700,-99.789436340332000,83245000070013,83245000073
06KC002,NU,64.231109619140500,-99.476936340332000,83245000100193,83245000103
06KB003,NT,62.859859466552600,-102.238922119140000,83247000040123,83247000043
06HD002,NU,61.133331298828000,-97.128059387207000,83280200150303,83280200153
06PA001,NU,64.128608703613200,-83.437782287597600,83300600020051,83300600021
